Workbook
Name 色號: 烤漆色號編碼!$A$2:$A$29
Name 烤漆粉號: 烤漆色號編碼!$A$2:$E$29

Sheet 庫存查詢表
A1: 庫存查詢表
B13: 選擇粉烤色號： | C13: K-91097G
B14: 粉烤代號： | C14: =IFERROR(VLOOKUP(C13,烤漆色號編碼!$A:$C,2,FALSE),"-") -> BKS1
B15: 廠商： | C15: =IFERROR(VLOOKUP(C13,烤漆色號編碼!$A:$E,5,FALSE),"-") -> 國麗
B17: 當前庫存： | C17: =IFERROR(VLOOKUP(C13,當前庫存!$C:$I,5,FALSE),"-") -> 17 | D17: 箱
B18: 散粉： | C18: =IFERROR(VLOOKUP(C13,當前庫存!$C:$I,4,FALSE),"-") -> 3 | D18: KG
B19: 總數量： | C19: =IFERROR(VLOOKUP(C13,烤漆色號編碼!$A:$D,4,FALSE)*C17+C18,"-"+D34) -> 428 | D19: KG | E19: ＜＜＜庫存
B21: 本月出庫總數量： | C21: =SUMIF(每日用粉紀錄表!C:C, C13, 每日用粉紀錄表!J:J) -> 297 | D21: KG
B23: 本月廢粉總數量
B24: 總數量： | C24: =IFERROR(VLOOKUP(B23,廢粉紀錄!B4:E4,3,FALSE),"-") -> 600 | D24: KG
B26: 本月用粉數量
B27: 總數量： | C27: =SUM(每日用粉紀錄表!J:J) -> 2188 | D27: KG

Sheet 每日用量查詢
B1: 用量查詢
B4: 查詢日期 | C4: 45957
B6: 色號 | C6: 代號 | D6: 用量 | E6: 庫存
B7: {=IFERROR(INDEX(每日用粉紀錄表!$C$3:$C$103, SMALL(IF($C$4=每日用粉紀錄表!$B$3:$B$103, ROW(每日用粉紀錄表!$B$3:$B$103)-ROW(每日用粉紀錄表!$B$3)+1), ROW(1:1))),"")} -> 008/2H056 | C7: {=IFERROR(INDEX(每日用粉紀錄表!$D$3:$D$103, SMALL(IF($C$4=每日用粉紀錄表!$B$3:$B$103, ROW(每日用粉紀錄表!$B$3:$B$103)-ROW(每日用粉紀錄表!$B$3)+1), ROW(1:1))),"")} -> YW1 | D7: {=IFERROR(INDEX(每日用粉紀錄表!$J$3:$J$103, SMALL(IF($C$4=每日用粉紀錄表!$B$3:$B$103, ROW(每日用粉紀錄表!$B$3:$B$103)-ROW(每日用粉紀錄表!$B$3)+1), ROW(1:1))),"")} -> 30 | E7: {=IFERROR(INDEX(每日用粉紀錄表!$E$3:$E$103, SMALL(IF($C$4=每日用粉紀錄表!$B$3:$B$103, ROW(每日用粉紀錄表!$B$3:$B$103)-ROW(每日用粉紀錄表!$B$3)+1), ROW(1:1))),"")} -> 12
B8: {=IFERROR(INDEX(每日用粉紀錄表!$C$3:$C$103, SMALL(IF($C$4=每日用粉紀錄表!$B$3:$B$103, ROW(每日用粉紀錄表!$B$3:$B$103)-ROW(每日用粉紀錄表!$B$3)+1), ROW(2:2))),"")} -> K-91097G | C8: {=IFERROR(INDEX(每日用粉紀錄表!$D$3:$D$103, SMALL(IF($C$4=每日用粉紀錄表!$B$3:$B$103, ROW(每日用粉紀錄表!$B$3:$B$103)-ROW(每日用粉紀錄表!$B$3)+1), ROW(2:2))),"")} -> BKS1 | D8: {=IFERROR(INDEX(每日用粉紀錄表!$J$3:$J$103, SMALL(IF($C$4=每日用粉紀錄表!$B$3:$B$103, ROW(每日用粉紀錄表!$B$3:$B$103)-ROW(每日用粉紀錄表!$B$3)+1), ROW(2:2))),"")} -> 16 | E8: {=IFERROR(INDEX(每日用粉紀錄表!$E$3:$E$103, SMALL(IF($C$4=每日用粉紀錄表!$B$3:$B$103, ROW(每日用粉紀錄表!$B$3:$B$103)-ROW(每日用粉紀錄表!$B$3)+1), ROW(2:2))),"")} -> 17
B9: {=IFERROR(INDEX(每日用粉紀錄表!$C$3:$C$103, SMALL(IF($C$4=每日用粉紀錄表!$B$3:$B$103, ROW(每日用粉紀錄表!$B$3:$B$103)-ROW(每日用粉紀錄表!$B$3)+1), ROW(3:3))),"")} -> 4605-505 | C9: {=IFERROR(INDEX(每日用粉紀錄表!$D$3:$D$103, SMALL(IF($C$4=每日用粉紀錄表!$B$3:$B$103, ROW(每日用粉紀錄表!$B$3:$B$103)-ROW(每日用粉紀錄表!$B$3)+1), ROW(3:3))),"")} -> EBK | D9: {=IFERROR(INDEX(每日用粉紀錄表!$J$3:$J$103, SMALL(IF($C$4=每日用粉紀錄表!$B$3:$B$103, ROW(每日用粉紀錄表!$B$3:$B$103)-ROW(每日用粉紀錄表!$B$3)+1), ROW(3:3))),"")} -> 0 | E9: {=IFERROR(INDEX(每日用粉紀錄表!$E$3:$E$103, SMALL(IF($C$4=每日用粉紀錄表!$B$3:$B$103, ROW(每日用粉紀錄表!$B$3:$B$103)-ROW(每日用粉紀錄表!$B$3)+1), ROW(3:3))),"")} -> 3
B10: {=IFERROR(INDEX(每日用粉紀錄表!$C$3:$C$103, SMALL(IF($C$4=每日用粉紀錄表!$B$3:$B$103, ROW(每日用粉紀錄表!$B$3:$B$103)-ROW(每日用粉紀錄表!$B$3)+1), ROW(4:4))),"")} -> 008/1H174 | C10: {=IFERROR(INDEX(每日用粉紀錄表!$D$3:$D$103, SMALL(IF($C$4=每日用粉紀錄表!$B$3:$B$103, ROW(每日用粉紀錄表!$B$3:$B$103)-ROW(每日用粉紀錄表!$B$3)+1), ROW(4:4))),"")} -> WE2 | D10: {=IFERROR(INDEX(每日用粉紀錄表!$J$3:$J$103, SMALL(IF($C$4=每日用粉紀錄表!$B$3:$B$103, ROW(每日用粉紀錄表!$B$3:$B$103)-ROW(每日用粉紀錄表!$B$3)+1), ROW(4:4))),"")} -> 84 | E10: {=IFERROR(INDEX(每日用粉紀錄表!$E$3:$E$103, SMALL(IF($C$4=每日用粉紀錄表!$B$3:$B$103, ROW(每日用粉紀錄表!$B$3:$B$103)-ROW(每日用粉紀錄表!$B$3)+1), ROW(4:4))),"")} -> 26
B11: {=IFERROR(INDEX(每日用粉紀錄表!$C$3:$C$103, SMALL(IF($C$4=每日用粉紀錄表!$B$3:$B$103, ROW(每日用粉紀錄表!$B$3:$B$103)-ROW(每日用粉紀錄表!$B$3)+1), ROW(5:5))),"")} -> 廢粉 | C11: {=IFERROR(INDEX(每日用粉紀錄表!$D$3:$D$103, SMALL(IF($C$4=每日用粉紀錄表!$B$3:$B$103, ROW(每日用粉紀錄表!$B$3:$B$103)-ROW(每日用粉紀錄表!$B$3)+1), ROW(5:5))),"")} -> - | D11: {=IFERROR(INDEX(每日用粉紀錄表!$J$3:$J$103, SMALL(IF($C$4=每日用粉紀錄表!$B$3:$B$103, ROW(每日用粉紀錄表!$B$3:$B$103)-ROW(每日用粉紀錄表!$B$3)+1), ROW(5:5))),"")} -> 25 | E11: {=IFERROR(INDEX(每日用粉紀錄表!$E$3:$E$103, SMALL(IF($C$4=每日用粉紀錄表!$B$3:$B$103, ROW(每日用粉紀錄表!$B$3:$B$103)-ROW(每日用粉紀錄表!$B$3)+1), ROW(5:5))),"")} -> -
B12: {=IFERROR(INDEX(每日用粉紀錄表!$C$3:$C$103, SMALL(IF($C$4=每日用粉紀錄表!$B$3:$B$103, ROW(每日用粉紀錄表!$B$3:$B$103)-ROW(每日用粉紀錄表!$B$3)+1), ROW(6:6))),"")} | C12: {=IFERROR(INDEX(每日用粉紀錄表!$D$3:$D$103, SMALL(IF($C$4=每日用粉紀錄表!$B$3:$B$103, ROW(每日用粉紀錄表!$B$3:$B$103)-ROW(每日用粉紀錄表!$B$3)+1), ROW(6:6))),"")} | D12: {=IFERROR(INDEX(每日用粉紀錄表!$J$3:$J$103, SMALL(IF($C$4=每日用粉紀錄表!$B$3:$B$103, ROW(每日用粉紀錄表!$B$3:$B$103)-ROW(每日用粉紀錄表!$B$3)+1), ROW(6:6))),"")} | E12: {=IFERROR(INDEX(每日用粉紀錄表!$E$3:$E$103, SMALL(IF($C$4=每日用粉紀錄表!$B$3:$B$103, ROW(每日用粉紀錄表!$B$3:$B$103)-ROW(每日用粉紀錄表!$B$3)+1), ROW(6:6))),"")}
B13: {=IFERROR(INDEX(每日用粉紀錄表!$C$3:$C$103, SMALL(IF($C$4=每日用粉紀錄表!$B$3:$B$103, ROW(每日用粉紀錄表!$B$3:$B$103)-ROW(每日用粉紀錄表!$B$3)+1), ROW(7:7))),"")} | C13: {=IFERROR(INDEX(每日用粉紀錄表!$D$3:$D$103, SMALL(IF($C$4=每日用粉紀錄表!$B$3:$B$103, ROW(每日用粉紀錄表!$B$3:$B$103)-ROW(每日用粉紀錄表!$B$3)+1), ROW(7:7))),"")} | D13: {=IFERROR(INDEX(每日用粉紀錄表!$J$3:$J$103, SMALL(IF($C$4=每日用粉紀錄表!$B$3:$B$103, ROW(每日用粉紀錄表!$B$3:$B$103)-ROW(每日用粉紀錄表!$B$3)+1), ROW(7:7))),"")} | E13: {=IFERROR(INDEX(每日用粉紀錄表!$E$3:$E$103, SMALL(IF($C$4=每日用粉紀錄表!$B$3:$B$103, ROW(每日用粉紀錄表!$B$3:$B$103)-ROW(每日用粉紀錄表!$B$3)+1), ROW(7:7))),"")}
B14: {=IFERROR(INDEX(每日用粉紀錄表!$C$3:$C$103, SMALL(IF($C$4=每日用粉紀錄表!$B$3:$B$103, ROW(每日用粉紀錄表!$B$3:$B$103)-ROW(每日用粉紀錄表!$B$3)+1), ROW(8:8))),"")} | C14: {=IFERROR(INDEX(每日用粉紀錄表!$D$3:$D$103, SMALL(IF($C$4=每日用粉紀錄表!$B$3:$B$103, ROW(每日用粉紀錄表!$B$3:$B$103)-ROW(每日用粉紀錄表!$B$3)+1), ROW(8:8))),"")} | D14: {=IFERROR(INDEX(每日用粉紀錄表!$J$3:$J$103, SMALL(IF($C$4=每日用粉紀錄表!$B$3:$B$103, ROW(每日用粉紀錄表!$B$3:$B$103)-ROW(每日用粉紀錄表!$B$3)+1), ROW(8:8))),"")} | E14: {=IFERROR(INDEX(每日用粉紀錄表!$E$3:$E$103, SMALL(IF($C$4=每日用粉紀錄表!$B$3:$B$103, ROW(每日用粉紀錄表!$B$3:$B$103)-ROW(每日用粉紀錄表!$B$3)+1), ROW(8:8))),"")}
B15: {=IFERROR(INDEX(每日用粉紀錄表!$C$3:$C$103, SMALL(IF($C$4=每日用粉紀錄表!$B$3:$B$103, ROW(每日用粉紀錄表!$B$3:$B$103)-ROW(每日用粉紀錄表!$B$3)+1), ROW(9:9))),"")} | C15: {=IFERROR(INDEX(每日用粉紀錄表!$D$3:$D$103, SMALL(IF($C$4=每日用粉紀錄表!$B$3:$B$103, ROW(每日用粉紀錄表!$B$3:$B$103)-ROW(每日用粉紀錄表!$B$3)+1), ROW(9:9))),"")} | D15: {=IFERROR(INDEX(每日用粉紀錄表!$J$3:$J$103, SMALL(IF($C$4=每日用粉紀錄表!$B$3:$B$103, ROW(每日用粉紀錄表!$B$3:$B$103)-ROW(每日用粉紀錄表!$B$3)+1), ROW(9:9))),"")} | E15: {=IFERROR(INDEX(每日用粉紀錄表!$J$3:$J$103, SMALL(IF($C$4=每日用粉紀錄表!$B$3:$B$103, ROW(每日用粉紀錄表!$B$3:$B$103)-ROW(每日用粉紀錄表!$B$3)+1), ROW(9:9))),"")}
B16: {=IFERROR(INDEX(每日用粉紀錄表!$C$3:$C$103, SMALL(IF($C$4=每日用粉紀錄表!$B$3:$B$103, ROW(每日用粉紀錄表!$B$3:$B$103)-ROW(每日用粉紀錄表!$B$3)+1), ROW(10:10))),"")} | C16: {=IFERROR(INDEX(每日用粉紀錄表!$D$3:$D$103, SMALL(IF($C$4=每日用粉紀錄表!$B$3:$B$103, ROW(每日用粉紀錄表!$B$3:$B$103)-ROW(每日用粉紀錄表!$B$3)+1), ROW(10:10))),"")} | D16: {=IFERROR(INDEX(每日用粉紀錄表!$J$3:$J$103, SMALL(IF($C$4=每日用粉紀錄表!$B$3:$B$103, ROW(每日用粉紀錄表!$B$3:$B$103)-ROW(每日用粉紀錄表!$B$3)+1), ROW(10:10))),"")} | E16: {=IFERROR(INDEX(每日用粉紀錄表!$J$3:$J$103, SMALL(IF($C$4=每日用粉紀錄表!$B$3:$B$103, ROW(每日用粉紀錄表!$B$3:$B$103)-ROW(每日用粉紀錄表!$B$3)+1), ROW(10:10))),"")}
B17: {=IFERROR(INDEX(每日用粉紀錄表!$C$3:$C$103, SMALL(IF($C$4=每日用粉紀錄表!$B$3:$B$103, ROW(每日用粉紀錄表!$B$3:$B$103)-ROW(每日用粉紀錄表!$B$3)+1), ROW(11:11))),"")} | C17: {=IFERROR(INDEX(每日用粉紀錄表!$D$3:$D$103, SMALL(IF($C$4=每日用粉紀錄表!$B$3:$B$103, ROW(每日用粉紀錄表!$B$3:$B$103)-ROW(每日用粉紀錄表!$B$3)+1), ROW(11:11))),"")} | D17: {=IFERROR(INDEX(每日用粉紀錄表!$J$3:$J$103, SMALL(IF($C$4=每日用粉紀錄表!$B$3:$B$103, ROW(每日用粉紀錄表!$B$3:$B$103)-ROW(每日用粉紀錄表!$B$3)+1), ROW(11:11))),"")} | E17: {=IFERROR(INDEX(每日用粉紀錄表!$J$3:$J$103, SMALL(IF($C$4=每日用粉紀錄表!$B$3:$B$103, ROW(每日用粉紀錄表!$B$3:$B$103)-ROW(每日用粉紀錄表!$B$3)+1), ROW(11:11))),"")}
B18: {=IFERROR(INDEX(每日用粉紀錄表!$C$3:$C$103, SMALL(IF($C$4=每日用粉紀錄表!$B$3:$B$103, ROW(每日用粉紀錄表!$B$3:$B$103)-ROW(每日用粉紀錄表!$B$3)+1), ROW(12:12))),"")} | C18: {=IFERROR(INDEX(每日用粉紀錄表!$D$3:$D$103, SMALL(IF($C$4=每日用粉紀錄表!$B$3:$B$103, ROW(每日用粉紀錄表!$B$3:$B$103)-ROW(每日用粉紀錄表!$B$3)+1), ROW(12:12))),"")} | D18: {=IFERROR(INDEX(每日用粉紀錄表!$J$3:$J$103, SMALL(IF($C$4=每日用粉紀錄表!$B$3:$B$103, ROW(每日用粉紀錄表!$B$3:$B$103)-ROW(每日用粉紀錄表!$B$3)+1), ROW(12:12))),"")} | E18: {=IFERROR(INDEX(每日用粉紀錄表!$J$3:$J$103, SMALL(IF($C$4=每日用粉紀錄表!$B$3:$B$103, ROW(每日用粉紀錄表!$B$3:$B$103)-ROW(每日用粉紀錄表!$B$3)+1), ROW(12:12))),"")}
B19: {=IFERROR(INDEX(每日用粉紀錄表!$C$3:$C$103, SMALL(IF($C$4=每日用粉紀錄表!$B$3:$B$103, ROW(每日用粉紀錄表!$B$3:$B$103)-ROW(每日用粉紀錄表!$B$3)+1), ROW(13:13))),"")} | C19: {=IFERROR(INDEX(每日用粉紀錄表!$D$3:$D$103, SMALL(IF($C$4=每日用粉紀錄表!$B$3:$B$103, ROW(每日用粉紀錄表!$B$3:$B$103)-ROW(每日用粉紀錄表!$B$3)+1), ROW(13:13))),"")} | D19: {=IFERROR(INDEX(每日用粉紀錄表!$J$3:$J$103, SMALL(IF($C$4=每日用粉紀錄表!$B$3:$B$103, ROW(每日用粉紀錄表!$B$3:$B$103)-ROW(每日用粉紀錄表!$B$3)+1), ROW(13:13))),"")} | E19: {=IFERROR(INDEX(每日用粉紀錄表!$J$3:$J$103, SMALL(IF($C$4=每日用粉紀錄表!$B$3:$B$103, ROW(每日用粉紀錄表!$B$3:$B$103)-ROW(每日用粉紀錄表!$B$3)+1), ROW(13:13))),"")}
B20: {=IFERROR(INDEX(每日用粉紀錄表!$C$3:$C$103, SMALL(IF($C$4=每日用粉紀錄表!$B$3:$B$103, ROW(每日用粉紀錄表!$B$3:$B$103)-ROW(每日用粉紀錄表!$B$3)+1), ROW(14:14))),"")} | C20: {=IFERROR(INDEX(每日用粉紀錄表!$D$3:$D$103, SMALL(IF($C$4=每日用粉紀錄表!$B$3:$B$103, ROW(每日用粉紀錄表!$B$3:$B$103)-ROW(每日用粉紀錄表!$B$3)+1), ROW(14:14))),"")} | D20: {=IFERROR(INDEX(每日用粉紀錄表!$J$3:$J$103, SMALL(IF($C$4=每日用粉紀錄表!$B$3:$B$103, ROW(每日用粉紀錄表!$B$3:$B$103)-ROW(每日用粉紀錄表!$B$3)+1), ROW(14:14))),"")} | E20: {=IFERROR(INDEX(每日用粉紀錄表!$J$3:$J$103, SMALL(IF($C$4=每日用粉紀錄表!$B$3:$B$103, ROW(每日用粉紀錄表!$B$3:$B$103)-ROW(每日用粉紀錄表!$B$3)+1), ROW(14:14))),"")}
B21: {=IFERROR(INDEX(每日用粉紀錄表!$C$3:$C$103, SMALL(IF($C$4=每日用粉紀錄表!$B$3:$B$103, ROW(每日用粉紀錄表!$B$3:$B$103)-ROW(每日用粉紀錄表!$B$3)+1), ROW(15:15))),"")} | C21: {=IFERROR(INDEX(每日用粉紀錄表!$D$3:$D$103, SMALL(IF($C$4=每日用粉紀錄表!$B$3:$B$103, ROW(每日用粉紀錄表!$B$3:$B$103)-ROW(每日用粉紀錄表!$B$3)+1), ROW(15:15))),"")} | D21: {=IFERROR(INDEX(每日用粉紀錄表!$J$3:$J$103, SMALL(IF($C$4=每日用粉紀錄表!$B$3:$B$103, ROW(每日用粉紀錄表!$B$3:$B$103)-ROW(每日用粉紀錄表!$B$3)+1), ROW(15:15))),"")} | E21: {=IFERROR(INDEX(每日用粉紀錄表!$J$3:$J$103, SMALL(IF($C$4=每日用粉紀錄表!$B$3:$B$103, ROW(每日用粉紀錄表!$B$3:$B$103)-ROW(每日用粉紀錄表!$B$3)+1), ROW(15:15))),"")}
B22: {=IFERROR(INDEX(每日用粉紀錄表!$C$3:$C$103, SMALL(IF($C$4=每日用粉紀錄表!$B$3:$B$103, ROW(每日用粉紀錄表!$B$3:$B$103)-ROW(每日用粉紀錄表!$B$3)+1), ROW(16:16))),"")} | C22: {=IFERROR(INDEX(每日用粉紀錄表!$D$3:$D$103, SMALL(IF($C$4=每日用粉紀錄表!$B$3:$B$103, ROW(每日用粉紀錄表!$B$3:$B$103)-ROW(每日用粉紀錄表!$B$3)+1), ROW(16:16))),"")} | D22: {=IFERROR(INDEX(每日用粉紀錄表!$J$3:$J$103, SMALL(IF($C$4=每日用粉紀錄表!$B$3:$B$103, ROW(每日用粉紀錄表!$B$3:$B$103)-ROW(每日用粉紀錄表!$B$3)+1), ROW(16:16))),"")} | E22: {=IFERROR(INDEX(每日用粉紀錄表!$J$3:$J$103, SMALL(IF($C$4=每日用粉紀錄表!$B$3:$B$103, ROW(每日用粉紀錄表!$B$3:$B$103)-ROW(每日用粉紀錄表!$B$3)+1), ROW(16:16))),"")}
B23: {=IFERROR(INDEX(每日用粉紀錄表!$C$3:$C$103, SMALL(IF($C$4=每日用粉紀錄表!$B$3:$B$103, ROW(每日用粉紀錄表!$B$3:$B$103)-ROW(每日用粉紀錄表!$B$3)+1), ROW(17:17))),"")} | C23: {=IFERROR(INDEX(每日用粉紀錄表!$D$3:$D$103, SMALL(IF($C$4=每日用粉紀錄表!$B$3:$B$103, ROW(每日用粉紀錄表!$B$3:$B$103)-ROW(每日用粉紀錄表!$B$3)+1), ROW(17:17))),"")} | D23: {=IFERROR(INDEX(每日用粉紀錄表!$J$3:$J$103, SMALL(IF($C$4=每日用粉紀錄表!$B$3:$B$103, ROW(每日用粉紀錄表!$B$3:$B$103)-ROW(每日用粉紀錄表!$B$3)+1), ROW(17:17))),"")} | E23: {=IFERROR(INDEX(每日用粉紀錄表!$J$3:$J$103, SMALL(IF($C$4=每日用粉紀錄表!$B$3:$B$103, ROW(每日用粉紀錄表!$B$3:$B$103)-ROW(每日用粉紀錄表!$B$3)+1), ROW(17:17))),"")}
B24: {=IFERROR(INDEX(每日用粉紀錄表!$C$3:$C$103, SMALL(IF($C$4=每日用粉紀錄表!$B$3:$B$103, ROW(每日用粉紀錄表!$B$3:$B$103)-ROW(每日用粉紀錄表!$B$3)+1), ROW(18:18))),"")} | C24: {=IFERROR(INDEX(每日用粉紀錄表!$D$3:$D$103, SMALL(IF($C$4=每日用粉紀錄表!$B$3:$B$103, ROW(每日用粉紀錄表!$B$3:$B$103)-ROW(每日用粉紀錄表!$B$3)+1), ROW(18:18))),"")} | D24: {=IFERROR(INDEX(每日用粉紀錄表!$J$3:$J$103, SMALL(IF($C$4=每日用粉紀錄表!$B$3:$B$103, ROW(每日用粉紀錄表!$B$3:$B$103)-ROW(每日用粉紀錄表!$B$3)+1), ROW(18:18))),"")} | E24: {=IFERROR(INDEX(每日用粉紀錄表!$J$3:$J$103, SMALL(IF($C$4=每日用粉紀錄表!$B$3:$B$103, ROW(每日用粉紀錄表!$B$3:$B$103)-ROW(每日用粉紀錄表!$B$3)+1), ROW(18:18))),"")}
B25: {=IFERROR(INDEX(每日用粉紀錄表!$C$3:$C$103, SMALL(IF($C$4=每日用粉紀錄表!$B$3:$B$103, ROW(每日用粉紀錄表!$B$3:$B$103)-ROW(每日用粉紀錄表!$B$3)+1), ROW(19:19))),"")} | C25: {=IFERROR(INDEX(每日用粉紀錄表!$D$3:$D$103, SMALL(IF($C$4=每日用粉紀錄表!$B$3:$B$103, ROW(每日用粉紀錄表!$B$3:$B$103)-ROW(每日用粉紀錄表!$B$3)+1), ROW(19:19))),"")} | D25: {=IFERROR(INDEX(每日用粉紀錄表!$J$3:$J$103, SMALL(IF($C$4=每日用粉紀錄表!$B$3:$B$103, ROW(每日用粉紀錄表!$B$3:$B$103)-ROW(每日用粉紀錄表!$B$3)+1), ROW(19:19))),"")} | E25: {=IFERROR(INDEX(每日用粉紀錄表!$J$3:$J$103, SMALL(IF($C$4=每日用粉紀錄表!$B$3:$B$103, ROW(每日用粉紀錄表!$B$3:$B$103)-ROW(每日用粉紀錄表!$B$3)+1), ROW(19:19))),"")}
B26: {=IFERROR(INDEX(每日用粉紀錄表!$C$3:$C$103, SMALL(IF($C$4=每日用粉紀錄表!$B$3:$B$103, ROW(每日用粉紀錄表!$B$3:$B$103)-ROW(每日用粉紀錄表!$B$3)+1), ROW(20:20))),"")} | C26: {=IFERROR(INDEX(每日用粉紀錄表!$D$3:$D$103, SMALL(IF($C$4=每日用粉紀錄表!$B$3:$B$103, ROW(每日用粉紀錄表!$B$3:$B$103)-ROW(每日用粉紀錄表!$B$3)+1), ROW(20:20))),"")} | D26: {=IFERROR(INDEX(每日用粉紀錄表!$J$3:$J$103, SMALL(IF($C$4=每日用粉紀錄表!$B$3:$B$103, ROW(每日用粉紀錄表!$B$3:$B$103)-ROW(每日用粉紀錄表!$B$3)+1), ROW(20:20))),"")} | E26: {=IFERROR(INDEX(每日用粉紀錄表!$J$3:$J$103, SMALL(IF($C$4=每日用粉紀錄表!$B$3:$B$103, ROW(每日用粉紀錄表!$B$3:$B$103)-ROW(每日用粉紀錄表!$B$3)+1), ROW(20:20))),"")}
B27: {=IFERROR(INDEX(每日用粉紀錄表!$C$3:$C$103, SMALL(IF($C$4=每日用粉紀錄表!$B$3:$B$103, ROW(每日用粉紀錄表!$B$3:$B$103)-ROW(每日用粉紀錄表!$B$3)+1), ROW(21:21))),"")} | C27: {=IFERROR(INDEX(每日用粉紀錄表!$D$3:$D$103, SMALL(IF($C$4=每日用粉紀錄表!$B$3:$B$103, ROW(每日用粉紀錄表!$B$3:$B$103)-ROW(每日用粉紀錄表!$B$3)+1), ROW(21:21))),"")} | D27: {=IFERROR(INDEX(每日用粉紀錄表!$J$3:$J$103, SMALL(IF($C$4=每日用粉紀錄表!$B$3:$B$103, ROW(每日用粉紀錄表!$B$3:$B$103)-ROW(每日用粉紀錄表!$B$3)+1), ROW(21:21))),"")} | E27: {=IFERROR(INDEX(每日用粉紀錄表!$J$3:$J$103, SMALL(IF($C$4=每日用粉紀錄表!$B$3:$B$103, ROW(每日用粉紀錄表!$B$3:$B$103)-ROW(每日用粉紀錄表!$B$3)+1), ROW(21:21))),"")}
B28: {=IFERROR(INDEX(每日用粉紀錄表!$C$3:$C$103, SMALL(IF($C$4=每日用粉紀錄表!$B$3:$B$103, ROW(每日用粉紀錄表!$B$3:$B$103)-ROW(每日用粉紀錄表!$B$3)+1), ROW(22:22))),"")} | C28: {=IFERROR(INDEX(每日用粉紀錄表!$D$3:$D$103, SMALL(IF($C$4=每日用粉紀錄表!$B$3:$B$103, ROW(每日用粉紀錄表!$B$3:$B$103)-ROW(每日用粉紀錄表!$B$3)+1), ROW(22:22))),"")} | D28: {=IFERROR(INDEX(每日用粉紀錄表!$J$3:$J$103, SMALL(IF($C$4=每日用粉紀錄表!$B$3:$B$103, ROW(每日用粉紀錄表!$B$3:$B$103)-ROW(每日用粉紀錄表!$B$3)+1), ROW(22:22))),"")} | E28: {=IFERROR(INDEX(每日用粉紀錄表!$J$3:$J$103, SMALL(IF($C$4=每日用粉紀錄表!$B$3:$B$103, ROW(每日用粉紀錄表!$B$3:$B$103)-ROW(每日用粉紀錄表!$B$3)+1), ROW(22:22))),"")}
B29: {=IFERROR(INDEX(每日用粉紀錄表!$C$3:$C$103, SMALL(IF($C$4=每日用粉紀錄表!$B$3:$B$103, ROW(每日用粉紀錄表!$B$3:$B$103)-ROW(每日用粉紀錄表!$B$3)+1), ROW(23:23))),"")} | C29: {=IFERROR(INDEX(每日用粉紀錄表!$D$3:$D$103, SMALL(IF($C$4=每日用粉紀錄表!$B$3:$B$103, ROW(每日用粉紀錄表!$B$3:$B$103)-ROW(每日用粉紀錄表!$B$3)+1), ROW(23:23))),"")} | D29: {=IFERROR(INDEX(每日用粉紀錄表!$J$3:$J$103, SMALL(IF($C$4=每日用粉紀錄表!$B$3:$B$103, ROW(每日用粉紀錄表!$B$3:$B$103)-ROW(每日用粉紀錄表!$B$3)+1), ROW(23:23))),"")} | E29: {=IFERROR(INDEX(每日用粉紀錄表!$J$3:$J$103, SMALL(IF($C$4=每日用粉紀錄表!$B$3:$B$103, ROW(每日用粉紀錄表!$B$3:$B$103)-ROW(每日用粉紀錄表!$B$3)+1), ROW(23:23))),"")}
B30: {=IFERROR(INDEX(每日用粉紀錄表!$C$3:$C$103, SMALL(IF($C$4=每日用粉紀錄表!$B$3:$B$103, ROW(每日用粉紀錄表!$B$3:$B$103)-ROW(每日用粉紀錄表!$B$3)+1), ROW(24:24))),"")} | C30: {=IFERROR(INDEX(每日用粉紀錄表!$D$3:$D$103, SMALL(IF($C$4=每日用粉紀錄表!$B$3:$B$103, ROW(每日用粉紀錄表!$B$3:$B$103)-ROW(每日用粉紀錄表!$B$3)+1), ROW(24:24))),"")} | D30: {=IFERROR(INDEX(每日用粉紀錄表!$J$3:$J$103, SMALL(IF($C$4=每日用粉紀錄表!$B$3:$B$103, ROW(每日用粉紀錄表!$B$3:$B$103)-ROW(每日用粉紀錄表!$B$3)+1), ROW(24:24))),"")} | E30: {=IFERROR(INDEX(每日用粉紀錄表!$J$3:$J$103, SMALL(IF($C$4=每日用粉紀錄表!$B$3:$B$103, ROW(每日用粉紀錄表!$B$3:$B$103)-ROW(每日用粉紀錄表!$B$3)+1), ROW(24:24))),"")}
B31: {=IFERROR(INDEX(每日用粉紀錄表!$C$3:$C$103, SMALL(IF($C$4=每日用粉紀錄表!$B$3:$B$103, ROW(每日用粉紀錄表!$B$3:$B$103)-ROW(每日用粉紀錄表!$B$3)+1), ROW(25:25))),"")} | C31: {=IFERROR(INDEX(每日用粉紀錄表!$D$3:$D$103, SMALL(IF($C$4=每日用粉紀錄表!$B$3:$B$103, ROW(每日用粉紀錄表!$B$3:$B$103)-ROW(每日用粉紀錄表!$B$3)+1), ROW(25:25))),"")} | D31: {=IFERROR(INDEX(每日用粉紀錄表!$J$3:$J$103, SMALL(IF($C$4=每日用粉紀錄表!$B$3:$B$103, ROW(每日用粉紀錄表!$B$3:$B$103)-ROW(每日用粉紀錄表!$B$3)+1), ROW(25:25))),"")} | E31: {=IFERROR(INDEX(每日用粉紀錄表!$J$3:$J$103, SMALL(IF($C$4=每日用粉紀錄表!$B$3:$B$103, ROW(每日用粉紀錄表!$B$3:$B$103)-ROW(每日用粉紀錄表!$B$3)+1), ROW(25:25))),"")}
B32: {=IFERROR(INDEX(每日用粉紀錄表!$C$3:$C$103, SMALL(IF($C$4=每日用粉紀錄表!$B$3:$B$103, ROW(每日用粉紀錄表!$B$3:$B$103)-ROW(每日用粉紀錄表!$B$3)+1), ROW(26:26))),"")} | C32: {=IFERROR(INDEX(每日用粉紀錄表!$D$3:$D$103, SMALL(IF($C$4=每日用粉紀錄表!$B$3:$B$103, ROW(每日用粉紀錄表!$B$3:$B$103)-ROW(每日用粉紀錄表!$B$3)+1), ROW(26:26))),"")} | D32: {=IFERROR(INDEX(每日用粉紀錄表!$J$3:$J$103, SMALL(IF($C$4=每日用粉紀錄表!$B$3:$B$103, ROW(每日用粉紀錄表!$B$3:$B$103)-ROW(每日用粉紀錄表!$B$3)+1), ROW(26:26))),"")} | E32: {=IFERROR(INDEX(每日用粉紀錄表!$J$3:$J$103, SMALL(IF($C$4=每日用粉紀錄表!$B$3:$B$103, ROW(每日用粉紀錄表!$B$3:$B$103)-ROW(每日用粉紀錄表!$B$3)+1), ROW(26:26))),"")}
B33: {=IFERROR(INDEX(每日用粉紀錄表!$C$3:$C$103, SMALL(IF($C$4=每日用粉紀錄表!$B$3:$B$103, ROW(每日用粉紀錄表!$B$3:$B$103)-ROW(每日用粉紀錄表!$B$3)+1), ROW(27:27))),"")} | C33: {=IFERROR(INDEX(每日用粉紀錄表!$D$3:$D$103, SMALL(IF($C$4=每日用粉紀錄表!$B$3:$B$103, ROW(每日用粉紀錄表!$B$3:$B$103)-ROW(每日用粉紀錄表!$B$3)+1), ROW(27:27))),"")}

Sheet 歷年使用粉號
A1: 烤漆廠 | B1: 粉色 | C1: 代號 | D1: 使用狀況 | E1: 粉號 | F1: 粉廠 | G1: 屬性 | H1: 機種 | J1: 慶宇未標有粉
A2: x | B2: 白色 | C2: WE | E2: MS-A-07146(MRP) | F2: X
A3: 慶宇/德瑞昌 | B3: 白色 | C3: WE | E3: EC053T | F3: 致宗行 | G3: 室內(調合粉)
B4: 白色 | C4: WE | E4: DP-11485 | F4: 國麗 | G4: 高耐侯 | H4: 遊戲機
A5: x | B5: 白色 | C5: WE1 | E5: MS-EA010T (MRP) | F5: 高頻
A6: 慶宇 | B6: 白色 | C6: WE1 | E6: MS-A-09152 | F6: 台粉 | G6: 室外(耐黃變) | J6: V (已不做了)
A7: 德瑞昌 | B7: 白色 | C7: WE1 | E7: DP-1856 | F7: 國麗 | G7: 高耐侯 | H7: 136、166 | I7: 有做過QV
A8: x | B8: 白色 | C8: WE2 | E8: MS-PA-1437Y | F8: X | H8: 136禮品機
A9: x | B9: 白色 | C9: WE3 | E9: MS-PA-156Y (MRP) | F9: X | H9: 40023
A10: 慶宇 | B10: 白色 | C10: WE3 | E10: MS-LT-102051P | F10: 台粉 | G10: 室外 | H10: 游戲機 | J10: V(X)
A11: 新祥興 | B11: 耐候白 | C11: WE4 | E11: MS-2267AT | F11: 華邦 | G11: 高耐侯 | H11: 393SO
A12: x | B12: 米白 | C12: RWE | E12: MS-780-2409 | F12: X
A13: x | B13: 米錘紋 | C13: WEH | E13: MS-H2-9419 | F13: X
A14: x | B14: 玫瑰白 | C14: WER | E14: MS-780-1B20 | F14: X
A15: 德瑞昌 | B15: 黃亮光 | C15: YW | E15: MS-EE024T | F15: 致宗行 | G15: 室內(調合粉) | H15: 娃娃機.一公三母.
A16: 大茗 | B16: 黃錘紋 | C16: YWH | E16: MS-790-41540H | F16: 國邦 | G16: 室內 | H16: 632籃球機.地鼠機.娃娃機 | I16: 台粉 AT-12148 室內
A17: 大茗 | B17: 黃錘紋 | C17: YWH | E17: AT-12148 | F17: 台粉 | G17: 室內 | H17: 632籃球機.地鼠機.娃娃機
A18: x | B18: 指定黃 | C18: YWP | E18: MS-EE217T | F18: X
A19: x | B19: 鵝黃色 | C19: GYW | E19: MS-JF-053 (MRP) | F19: X | H19: 800 (編德瑞昌廠內色號)
A20: 德瑞昌 | B20: 鵝黃色 | C20: GYW | E20: 4900-246 | F20: 台粉 | G20: 室外 | H20: 德瑞昌本來就有用
A21: 德瑞昌 | B21: 銀色 | C21: AT | E21: MS-780-49740S | F21: 國邦 | G21: 室外
A22: x | B22: 銀白色 | C22: ATW | E22: MS-780-49364ATS | F22: 國邦 | G22: 室外
A23: 大茗 | B23: 銀灰 | C23: ATG | E23: MS-780-9B65 | F23: 國邦 | G23: 室外 | H23: 637籃球機/遮片 | I23: 國邦 780-9Q70 室外
A24: x | B24: 銀灰 | C24: GYS | E24: MS-H2-8460 | F24: 高頻 | G24: 室內 | H24: 136
A25: x | B25: 深灰 | E25: MS-HA-2662 | F25: 高頻 | G25: 室內
A26: 德瑞昌 | B26: 馬卡龍藍 | C26: MBE | E26: MS-HE-7172Y | F26: 高頻 | G26: 室外
A27: 同華 | B27: 冷灰 | C27: CG | E27: MS-4400/742A | F27: 台粉 | G27: 室內 | H27: C218尊伯 | I27: 沈總確認不需改為室外粉
A28: 大茗/同華 | B28: 鐵灰 | C28: IG | E28: MS-EL217T | F28: 致宗行 | G28: 室內(調合粉) | H28: 籃球機(需改外粉)
A29: 德瑞昌 | B29: 鐵灰砂 | C29: IGS | E29: MS-EL365T | F29: 致宗行 | G29: 室內(調合粉) | H29: 兌幣機(需改外粉)
A30: x | B30: 灰砂紋 | E30: MS-H2-9293 | F30: X
A31: x | B31: 黑平光 | C31: BK | E31: MS-770-5200F2 (MRP) | F31: 國邦 | G31: 室內
A32: 德瑞昌 | B32: 黑平光 | C32: BK | E32: 4950-502 | F32: 台粉 | G32: 室外 | H32: 德瑞昌本來就有用
A33: x | B33: 黑砂 | C33: BKS | E33: MS-T3-9825S (MRP) | F33: 高頻 | G33: 室外
A34: 德瑞昌 | B34: 黑砂 | C34: BKS | E34: P3R90249 | F34: 高頻 | G34: 室外
A35: 大茗 | B35: 黑砂 | C35: BKS | E35: 780-45510H | F35: 國邦 | G35: 室外 | H35: 637籃球機
A36: x | B36: 新黑砂 | C36: BKS1 | E36: 780-45111H (MPR) | F36: 國邦 | G36: 室外
A37: 慶宇/德瑞昌 | B37: 新黑砂 | C37: BKS1 | E37: MS-K-9898G-2 | F37: 國麗 | G37: 調和混合粉 | H37: 333/328 | I37: 沒做過QV測試
A38: 德瑞昌 | B38: 亮黑 | C38: BKL | E38: MS-4900/501 | F38: 台粉 | G38: 室外 | H38: 德瑞昌本來就有用
A39: 慶宇/德瑞昌 | B39: 黑錘紋 | C39: BKH | E39: MS-EN402T | F39: 致宗行 | G39: 室內(調合粉)
A40: x | B40: 小花黑綿綿漆 | C40: BKC | E40: MS-5A24 | F40: X
A41: x | B41: 大花黑綿綿漆 | C41: BKM | F41: X
A42: x | B42: 新小花黑綿綿漆 | C42: BKF1 | E42: MS-4736/501A | F42: X
A43: x | B43: 新大花黑綿綿漆 | C43: BKF2 | F43: X
A44: x | B44: 新小花黑綿綿漆 | C44: BKF3 | E44: MS-3901K | F44: X
A45: x | B45: 新小花黑綿綿漆 | C45: BKF4 | E45: MS-K-9882K | F45: X
A46: 慶宇 | B46: 黑閃銀 | C46: BKSA | E46: MS-BP-599HS | F46: 國邦 | G46: 室內 | H46: 小鐵箱 | I46: 沈總確認不需改為室外粉
A47: 德瑞昌 | B47: 黑砂閃銀 | C47: BKSA | E47: O-9850GSNB | F47: 國麗 | H47: 小鐵箱
A48: x | B48: 消光黑 | C48: EBK | E48: MS-770-505 (MRP) | F48: 國邦 | G48: 室內 | H48: 420操作面板 | I48: 沈總確認不需改為室外粉
A49: 慶宇/德瑞昌 | B49: 消光黑 | C49: EBK | E49: MS-4605-505 | F49: 台粉 | G49: 室內 | H49: 德瑞昌本來就有用 | I49: 沈總確認不需改為室外粉
A50: x | B50: 消光綠 | C50: EGN | E50: MS-HA6198T | F50: X
A51: x | B51: 消光藍 | C51: EBE | E51: MS-4736/502B | F51: X
A52: 德瑞昌 | B52: 綠色 | C52: GN | E52: MS-780-6902 | F52: 國邦 | G52: 室外 | I52: 沈總→可以改別家的室外粉
A53: x | B53: 草綠 | C53: GN1 | E53: MS-4900-382 | F53: X | H53: 156S4N
A54: x | B54: 亮綠 | C54: GNL | E54: MS-LT-102467P | F54: X | H54: 動物機
A55: x | B55: 藍色 | C55: BE | E55: MS-780-7785AT | F55: 國邦 | G55: 室外
A56: 德瑞昌 | B56: 藍色 | C56: BE | E56: LT-90442 | F56: 台粉 | G56: 室外
A57: 德瑞昌 | B57: 深藍 | C57: DBE | E57: MS-780-7847AT | F57: 國邦 | G57: 室外
A58: x | B58: 指定藍 | C58: BEP | E58: MS-FJ032T | F58: X
A59: x | B59: 藍砂 | C59: BES | E59: MS-EJ307T | F59: X
A60: 德瑞昌 | B60: 艷藍 | C60: BEG | E60: MS-770-739 | F60: 國邦 | G60: 室內 | H60: 籃球機(窄版)
A61: x | B61: 靛藍 | C61: BE1 | E61: MS-LT-98222 | F61: X | H61: 880
A62: 慶宇/德瑞昌 | B62: 法拉利紅 | C62: RD | E62: MS-780-310AT | F62: 國邦 | G62: 室外 | H62: 德瑞昌本來就有用
A63: 慶宇 | B63: 粉紅 | C63: PK | E63: MS-770-3205 (MRP) | F63: 國邦 | G63: 室內 | H63: 156S4N頭罩 | I63: 107/7/27 室內粉用完.即改D6348-3國邦/室外
A64: 德瑞昌 | B64: 粉紅 | C64: PK | E64: 4900-149 | F64: 台粉 | G64: 室外 | I64: 107/5/31問台粉(吳)確定是室外粉
A65: x | B65: 桃紅 | C65: PKP | E65: MS-EG012T | F65: X
A66: x | B66: 亮桃紅 | C66: PKL | E66: MS-96132 | F66: X
A67: x | B67: 桃紅錘紋 | C67: PKPH | E67: MS-790-43151H | F67: X
A68: 大茗 | B68: 橘色 | C68: OE | E68: MS-780-3660AT | F68: 國邦 | G68: 室外 | H68: 打擊機/637籃球機 | I68: 台粉 A-10067
A69: 大茗 | B69: 亮橘 | C69: OEL | E69: MS-LT-102568P | F69: 台粉 | G69: 室外 | H69: 打擊機
A70: x | B70: 粉橘 | C70: SOE | E70: MS-780-1C11 | F70: X
A71: x | B71: 橘錘紋 | C71: OEH | E71: MS-EF015T-HA | F71: X
A72: x | B72: 紫色 | C72: PE | E72: MS-LT-92102 | F72: X
A73: x | B73: 葡萄紫 | C73: PEG | E73: MS-770-7606 | F73: X
A74: x | B74: 咖啡 | C74: DBR | E74: MS-4400/910 | F74: X
A75: x | B75: 銀砂 | C75: ATS | F75: X | H75: 非環保
A76: 德瑞昌 | B76: 淺綠 | C76: OEA | E76: MS-4900/128A | F76: 台粉 | G76: 室外 | H76: 156S4N
A77: 德瑞昌 | B77: 藍綠 | C77: GNB | E77: MS-4400/366 | F77: 台粉 | G77: 室內 | H77: 156S4N
A78: 慶宇 | B78: 深灰銀砂 | C78: GAS | E78: MS-K-20229GABT | F78: 國麗 | G78: 調和混合粉 | H78: C268 | I78: 沒做過QV測試
A79: (X) | B79: 粉綠 | C79: SGN | E79: MS-780-6852 | F79: 國邦 | G79: 室外
A80: 慶宇 | B80: 閃銀 (指定粉) | E80: O-200SB (107/7月發生) | F80: 國麗 | G80: 調和混合粉 | H80: C323紙鈔機入口.面板+358新小鐵箱
A81: 慶宇 | B81: 白消光 | E81: D6410-4 (107/9月暫定) | F81: 國邦 | G81: 室內 | H81: 小木屋(107/9月魏董同意室內粉)
A82: 慶宇 | B82: 淺粉紅 | E82: D6409-3 (107/9月暫定) | F82: 國邦 | G82: 室外 | H82: 小木屋
A83: 慶宇 | B83: 淺藍 | E83: D6418-4 (107/9月暫定) | F83: 國邦 | G83: 室外 | H83: 小木屋
A87: 台粉吳先生告知 → 室內/外分的差別在使用的樹脂不同。一般而言，室外：一年以上，室內：一年以內，
C88: 但仍需看放的位置所受紫外線、氣侯、日光等因素而定。
C90: 致宗行劉善煒告知 → 調合混合粉是室內+室外，耐候等級6~12月，Interpon700型樹脂，他司沒在以室內/外做區隔，
C91: 需明確告知需鹽霧、抗UV、酸鹼…等條件測驗需多久，再提供所需粉。6個月就過了客訴期。
C92: 黑/白色退色較不明顯，艷色系退色較明顯，且烤漆前處理若酸化也會退色。
C94: 國麗黃先生告知 → 室外的比較碎，耐化性較好，不以室內/室外粉說做備註，是以有無做過QV測試做區隔，
C95: QV測試含紫外線、耐侯、鹽霧…等條件。
C97: 高頻謝先生告知 → 室內/外粉：指的是用的樹脂不同而分，非以時間而分。
A99: 107/6/6以後新增 | J99: 廠商 | K99: 需改粉色 (現有粉廠)
A100: 室內需改室外粉 | C100: 慶宇→粉紅(國邦)、*白(致宗行)、*黑錘紋(致宗行) | H100: →107/6/15提供-馬卡龍綠 | J100: 慶宇 | K100: 粉紅(國邦)、黑錘紋(致宗行)、白(致宗行)
A101: 德瑞昌→藍綠(台粉)、鐵灰砂(致宗行)、黃亮光(致宗行)、*艷藍(國邦) | I101: 德瑞昌 | J101: 藍綠(台粉)、鐵灰砂(致宗行)、黃亮光(致宗行)、艷藍(國邦)
A102: 大茗→黃錘紋(台粉)、鐵灰(致宗行) | I102: 大茗 | J102: 黃錘紋(台粉)、鐵灰(致宗行)
C104: *記號→表示另家烤漆廠也有烤過 | K104: 高耐侯-黃亮光→ 粉價 480/kg(致宗行)
K105: 現在的-艷藍(是國邦的常態粉)，客製粉下單最少200kg
A106: 德瑞昌陳經理告知 | C106: 耐化性→抗塩霧、酸鹼
A107: 耐物性→抗UV
A108: 亮色系因有機色母關系，抗UV較差，若有要求需明確告知，需在室外？H,有？%的褪色率，
...

Sheet 每日用粉紀錄表
B2: 日期 | C2: 粉號 | D2: 代號 | E2: 庫存 | F2: 出 | G2: 散粉 | H2: 重量(Kg) | I2: 回庫 | J2: 用量 | K2: 時段 | L2: 烤漆日期 | M2: 回收/不回收 | N2: 備註 | O2: 欄1
B3: 45926 | C3: 無烤漆 | D3: =IFERROR(VLOOKUP($C3,烤漆色號編碼!$A:$C,2,FALSE),"-") -> - | E3: =IFERROR(VLOOKUP($C3,當前庫存!$C:$I,5,FALSE),"-") -> - | H3: =IFERROR(VLOOKUP($C3,烤漆色號編碼!$A:$D,4,FALSE)*表格2[[#This Row],[出]]+表格2[[#This Row],[散粉]],"-") -> - | J3: =IFERROR(表格2[[#This Row],[重量(Kg)]]-表格2[[#This Row],[回庫]],"-") -> -
B4: 45927 | C4: 例假日 | D4: =IFERROR(VLOOKUP($C4,烤漆色號編碼!$A:$C,2,FALSE),"-") -> - | E4: =IFERROR(VLOOKUP($C4,當前庫存!$C:$I,5,FALSE),"-") -> - | H4: =IFERROR(VLOOKUP($C4,烤漆色號編碼!$A:$D,4,FALSE)*表格2[[#This Row],[出]]+表格2[[#This Row],[散粉]],"-") -> - | J4: =IFERROR(表格2[[#This Row],[重量(Kg)]]-表格2[[#This Row],[回庫]],"-") -> -
B5: 45928 | C5: 例假日 | D5: =IFERROR(VLOOKUP($C5,烤漆色號編碼!$A:$C,2,FALSE),"-") -> - | E5: =IFERROR(VLOOKUP($C5,當前庫存!$C:$I,5,FALSE),"-") -> - | H5: =IFERROR(VLOOKUP($C5,烤漆色號編碼!$A:$D,4,FALSE)*表格2[[#This Row],[出]]+表格2[[#This Row],[散粉]],"-") -> - | J5: =IFERROR(表格2[[#This Row],[重量(Kg)]]-表格2[[#This Row],[回庫]],"-") -> -
B6: 45929 | C6: 國定假日 | D6: =IFERROR(VLOOKUP($C6,烤漆色號編碼!$A:$C,2,FALSE),"-") -> - | E6: =IFERROR(VLOOKUP($C6,當前庫存!$C:$I,5,FALSE),"-") -> - | H6: =IFERROR(VLOOKUP($C6,烤漆色號編碼!$A:$D,4,FALSE)*表格2[[#This Row],[出]]+表格2[[#This Row],[散粉]],"-") -> - | J6: =IFERROR(表格2[[#This Row],[重量(Kg)]]-表格2[[#This Row],[回庫]],"-") -> -
B7: 45930 | C7: 4950-502 | D7: =IFERROR(VLOOKUP($C7,烤漆色號編碼!$A:$C,2,FALSE),"-") -> BK | E7: =IFERROR(VLOOKUP($C7,當前庫存!$C:$I,5,FALSE),"-") -> 4 | G7: 16 | H7: =IFERROR(VLOOKUP($C7,烤漆色號編碼!$A:$D,4,FALSE)*表格2[[#This Row],[出]]+表格2[[#This Row],[散粉]],"-") -> 16 | I7: 5 | J7: =IFERROR(表格2[[#This Row],[重量(Kg)]]-表格2[[#This Row],[回庫]],"-") -> 11
B8: 45930 | C8: 4605-505 | D8: =IFERROR(VLOOKUP($C8,烤漆色號編碼!$A:$C,2,FALSE),"-") -> EBK | E8: =IFERROR(VLOOKUP($C8,當前庫存!$C:$I,5,FALSE),"-") -> 3 | G8: 12 | H8: =IFERROR(VLOOKUP($C8,烤漆色號編碼!$A:$D,4,FALSE)*表格2[[#This Row],[出]]+表格2[[#This Row],[散粉]],"-") -> 12 | I8: 10 | J8: =IFERROR(表格2[[#This Row],[重量(Kg)]]-表格2[[#This Row],[回庫]],"-") -> 2
B9: 45930 | C9: 008/1H174 | D9: =IFERROR(VLOOKUP($C9,烤漆色號編碼!$A:$C,2,FALSE),"-") -> WE2 | E9: =IFERROR(VLOOKUP($C9,當前庫存!$C:$I,5,FALSE),"-") -> 26 | F9: 4 | G9: 6 | H9: =IFERROR(VLOOKUP($C9,烤漆色號編碼!$A:$D,4,FALSE)*表格2[[#This Row],[出]]+表格2[[#This Row],[散粉]],"-") -> 106 | I9: 6 | J9: =IFERROR(表格2[[#This Row],[重量(Kg)]]-表格2[[#This Row],[回庫]],"-") -> 100
B10: 45930 | C10: 廢粉 | D10: =IFERROR(VLOOKUP($C10,烤漆色號編碼!$A:$C,2,FALSE),"-") -> - | E10: =IFERROR(VLOOKUP($C10,當前庫存!$C:$I,5,FALSE),"-") -> - | F10: 1 | H10: =IFERROR(VLOOKUP($C10,烤漆色號編碼!$A:$D,4,FALSE)*表格2[[#This Row],[出]]+表格2[[#This Row],[散粉]],"-") -> 25 | J10: =IFERROR(表格2[[#This Row],[重量(Kg)]]-表格2[[#This Row],[回庫]],"-") -> 25
B11: 45931 | C11: 4950-502 | D11: =IFERROR(VLOOKUP($C11,烤漆色號編碼!$A:$C,2,FALSE),"-") -> BK | E11: =IFERROR(VLOOKUP($C11,當前庫存!$C:$I,5,FALSE),"-") -> 4 | F11: 1 | G11: 5 | H11: =IFERROR(VLOOKUP($C11,烤漆色號編碼!$A:$D,4,FALSE)*表格2[[#This Row],[出]]+表格2[[#This Row],[散粉]],"-") -> 30 | I11: 16 | J11: =IFERROR(表格2[[#This Row],[重量(Kg)]]-表格2[[#This Row],[回庫]],"-") -> 14
B12: 45931 | C12: 4605-505 | D12: =IFERROR(VLOOKUP($C12,烤漆色號編碼!$A:$C,2,FALSE),"-") -> EBK | E12: =IFERROR(VLOOKUP($C12,當前庫存!$C:$I,5,FALSE),"-") -> 3 | G12: 10 | H12: =IFERROR(VLOOKUP($C12,烤漆色號編碼!$A:$D,4,FALSE)*表格2[[#This Row],[出]]+表格2[[#This Row],[散粉]],"-") -> 10 | I12: 9 | J12: =IFERROR(表格2[[#This Row],[重量(Kg)]]-表格2[[#This Row],[回庫]],"-") -> 1
B13: 45931 | C13: 008/1H174 | D13: =IFERROR(VLOOKUP($C13,烤漆色號編碼!$A:$C,2,FALSE),"-") -> WE2 | E13: =IFERROR(VLOOKUP($C13,當前庫存!$C:$I,5,FALSE),"-") -> 26 | F13: 4 | G13: 6 | H13: =IFERROR(VLOOKUP($C13,烤漆色號編碼!$A:$D,4,FALSE)*表格2[[#This Row],[出]]+表格2[[#This Row],[散粉]],"-") -> 106 | I13: 5 | J13: =IFERROR(表格2[[#This Row],[重量(Kg)]]-表格2[[#This Row],[回庫]],"-") -> 101
B14: 45931 | C14: 廢粉 | D14: =IFERROR(VLOOKUP($C14,烤漆色號編碼!$A:$C,2,FALSE),"-") -> - | E14: =IFERROR(VLOOKUP($C14,當前庫存!$C:$I,5,FALSE),"-") -> - | F14: 2 | H14: =IFERROR(VLOOKUP($C14,烤漆色號編碼!$A:$D,4,FALSE)*表格2[[#This Row],[出]]+表格2[[#This Row],[散粉]],"-") -> 50 | J14: =IFERROR(表格2[[#This Row],[重量(Kg)]]-表格2[[#This Row],[回庫]],"-") -> 50
B15: 45932 | C15: 無烤漆 | D15: =IFERROR(VLOOKUP($C15,烤漆色號編碼!$A:$C,2,FALSE),"-") -> - | E15: =IFERROR(VLOOKUP($C15,當前庫存!$C:$I,5,FALSE),"-") -> - | H15: =IFERROR(VLOOKUP($C15,烤漆色號編碼!$A:$D,4,FALSE)*表格2[[#This Row],[出]]+表格2[[#This Row],[散粉]],"-") -> - | J15: =IFERROR(表格2[[#This Row],[重量(Kg)]]-表格2[[#This Row],[回庫]],"-") -> -
B16: 45933 | C16: 008/1H174 | D16: =IFERROR(VLOOKUP($C16,烤漆色號編碼!$A:$C,2,FALSE),"-") -> WE2 | E16: =IFERROR(VLOOKUP($C16,當前庫存!$C:$I,5,FALSE),"-") -> 26 | F16: 2 | G16: 5 | H16: =IFERROR(VLOOKUP($C16,烤漆色號編碼!$A:$D,4,FALSE)*表格2[[#This Row],[出]]+表格2[[#This Row],[散粉]],"-") -> 55 | I16: =17+8 -> 25 | J16: =IFERROR(表格2[[#This Row],[重量(Kg)]]-表格2[[#This Row],[回庫]],"-") -> 30
B17: 45933 | C17: 4950-502 | D17: =IFERROR(VLOOKUP($C17,烤漆色號編碼!$A:$C,2,FALSE),"-") -> BK | E17: =IFERROR(VLOOKUP($C17,當前庫存!$C:$I,5,FALSE),"-") -> 4 | F17: 1 | G17: 16 | H17: =IFERROR(VLOOKUP($C17,烤漆色號編碼!$A:$D,4,FALSE)*表格2[[#This Row],[出]]+表格2[[#This Row],[散粉]],"-") -> 41 | I17: 27 | J17: =IFERROR(表格2[[#This Row],[重量(Kg)]]-表格2[[#This Row],[回庫]],"-") -> 14
B18: 45933 | C18: EL-0365T | D18: =IFERROR(VLOOKUP($C18,烤漆色號編碼!$A:$C,2,FALSE),"-") -> IGS | E18: =IFERROR(VLOOKUP($C18,當前庫存!$C:$I,5,FALSE),"-") -> 2 | F18: 3 | G18: 24 | H18: =IFERROR(VLOOKUP($C18,烤漆色號編碼!$A:$D,4,FALSE)*表格2[[#This Row],[出]]+表格2[[#This Row],[散粉]],"-") -> 99 | I18: =19+6 -> 25 | J18: =IFERROR(表格2[[#This Row],[重量(Kg)]]-表格2[[#This Row],[回庫]],"-") -> 74
B19: 45933 | C19: 廢粉 | D19: =IFERROR(VLOOKUP($C19,烤漆色號編碼!$A:$C,2,FALSE),"-") -> - | E19: =IFERROR(VLOOKUP($C19,當前庫存!$C:$I,5,FALSE),"-") -> - | F19: 2 | H19: =IFERROR(VLOOKUP($C19,烤漆色號編碼!$A:$D,4,FALSE)*表格2[[#This Row],[出]]+表格2[[#This Row],[散粉]],"-") -> 50 | J19: =IFERROR(表格2[[#This Row],[重量(Kg)]]-表格2[[#This Row],[回庫]],"-") -> 50
B20: 45934 | C20: 例假日 | D20: =IFERROR(VLOOKUP($C20,烤漆色號編碼!$A:$C,2,FALSE),"-") -> - | E20: =IFERROR(VLOOKUP($C20,當前庫存!$C:$I,5,FALSE),"-") -> - | H20: =IFERROR(VLOOKUP($C20,烤漆色號編碼!$A:$D,4,FALSE)*表格2[[#This Row],[出]]+表格2[[#This Row],[散粉]],"-") -> - | J20: =IFERROR(表格2[[#This Row],[重量(Kg)]]-表格2[[#This Row],[回庫]],"-") -> -
B21: 45935 | C21: 例假日 | D21: =IFERROR(VLOOKUP($C21,烤漆色號編碼!$A:$C,2,FALSE),"-") -> - | E21: =IFERROR(VLOOKUP($C21,當前庫存!$C:$I,5,FALSE),"-") -> - | H21: =IFERROR(VLOOKUP($C21,烤漆色號編碼!$A:$D,4,FALSE)*表格2[[#This Row],[出]]+表格2[[#This Row],[散粉]],"-") -> - | J21: =IFERROR(表格2[[#This Row],[重量(Kg)]]-表格2[[#This Row],[回庫]],"-") -> -
B22: 45936 | C22: 國定假日 | D22: =IFERROR(VLOOKUP($C22,烤漆色號編碼!$A:$C,2,FALSE),"-") -> - | E22: =IFERROR(VLOOKUP($C22,當前庫存!$C:$I,5,FALSE),"-") -> - | H22: =IFERROR(VLOOKUP($C22,烤漆色號編碼!$A:$D,4,FALSE)*表格2[[#This Row],[出]]+表格2[[#This Row],[散粉]],"-") -> - | J22: =IFERROR(表格2[[#This Row],[重量(Kg)]]-表格2[[#This Row],[回庫]],"-") -> -
B23: 45937 | C23: EL-0365T | D23: =IFERROR(VLOOKUP($C23,烤漆色號編碼!$A:$C,2,FALSE),"-") -> IGS | E23: =IFERROR(VLOOKUP($C23,當前庫存!$C:$I,5,FALSE),"-") -> 2 | G23: =19+6 -> 25 | H23: =IFERROR(VLOOKUP($C23,烤漆色號編碼!$A:$D,4,FALSE)*表格2[[#This Row],[出]]+表格2[[#This Row],[散粉]],"-") -> 25 | I23: 8 | J23: =IFERROR(表格2[[#This Row],[重量(Kg)]]-表格2[[#This Row],[回庫]],"-") -> 17
B24: 45937 | C24: 4950-502 | D24: =IFERROR(VLOOKUP($C24,烤漆色號編碼!$A:$C,2,FALSE),"-") -> BK | E24: =IFERROR(VLOOKUP($C24,當前庫存!$C:$I,5,FALSE),"-") -> 4 | G24: 27 | H24: =IFERROR(VLOOKUP($C24,烤漆色號編碼!$A:$D,4,FALSE)*表格2[[#This Row],[出]]+表格2[[#This Row],[散粉]],"-") -> 27 | I24: 22 | J24: =IFERROR(表格2[[#This Row],[重量(Kg)]]-表格2[[#This Row],[回庫]],"-") -> 5
B25: 45937 | C25: 4605-505 | D25: =IFERROR(VLOOKUP($C25,烤漆色號編碼!$A:$C,2,FALSE),"-") -> EBK | E25: =IFERROR(VLOOKUP($C25,當前庫存!$C:$I,5,FALSE),"-") -> 3 | G25: 9 | H25: =IFERROR(VLOOKUP($C25,烤漆色號編碼!$A:$D,4,FALSE)*表格2[[#This Row],[出]]+表格2[[#This Row],[散粉]],"-") -> 9 | I25: 7 | J25: =IFERROR(表格2[[#This Row],[重量(Kg)]]-表格2[[#This Row],[回庫]],"-") -> 2
B26: 45937 | C26: 008/1H174 | D26: =IFERROR(VLOOKUP($C26,烤漆色號編碼!$A:$C,2,FALSE),"-") -> WE2 | E26: =IFERROR(VLOOKUP($C26,當前庫存!$C:$I,5,FALSE),"-") -> 26 | F26: 2 | G26: =17+8 -> 25 | H26: =IFERROR(VLOOKUP($C26,烤漆色號編碼!$A:$D,4,FALSE)*表格2[[#This Row],[出]]+表格2[[#This Row],[散粉]],"-") -> 75 | I26: =11+9 -> 20 | J26: =IFERROR(表格2[[#This Row],[重量(Kg)]]-表格2[[#This Row],[回庫]],"-") -> 55
B27: 45937 | C27: 廢粉 | D27: =IFERROR(VLOOKUP($C27,烤漆色號編碼!$A:$C,2,FALSE),"-") -> - | E27: =IFERROR(VLOOKUP($C27,當前庫存!$C:$I,5,FALSE),"-") -> - | F27: 2 | H27: =IFERROR(VLOOKUP($C27,烤漆色號編碼!$A:$D,4,FALSE)*表格2[[#This Row],[出]]+表格2[[#This Row],[散粉]],"-") -> 50 | J27: =IFERROR(表格2[[#This Row],[重量(Kg)]]-表格2[[#This Row],[回庫]],"-") -> 50
B28: 45938 | C28: 無烤漆 | D28: =IFERROR(VLOOKUP($C28,烤漆色號編碼!$A:$C,2,FALSE),"-") -> - | E28: =IFERROR(VLOOKUP($C28,當前庫存!$C:$I,5,FALSE),"-") -> - | H28: =IFERROR(VLOOKUP($C28,烤漆色號編碼!$A:$D,4,FALSE)*表格2[[#This Row],[出]]+表格2[[#This Row],[散粉]],"-") -> - | J28: =IFERROR(表格2[[#This Row],[重量(Kg)]]-表格2[[#This Row],[回庫]],"-") -> -
B29: 45939 | C29: 008/1H174 | D29: =IFERROR(VLOOKUP($C29,烤漆色號編碼!$A:$C,2,FALSE),"-") -> WE2 | E29: =IFERROR(VLOOKUP($C29,當前庫存!$C:$I,5,FALSE),"-") -> 26 | F29: 1 | G29: =11+9 -> 20 | H29: =IFERROR(VLOOKUP($C29,烤漆色號編碼!$A:$D,4,FALSE)*表格2[[#This Row],[出]]+表格2[[#This Row],[散粉]],"-") -> 45 | I29: 5 | J29: =IFERROR(表格2[[#This Row],[重量(Kg)]]-表格2[[#This Row],[回庫]],"-") -> 40
B30: 45939 | C30: EL-0365T | D30: =IFERROR(VLOOKUP($C30,烤漆色號編碼!$A:$C,2,FALSE),"-") -> IGS | E30: =IFERROR(VLOOKUP($C30,當前庫存!$C:$I,5,FALSE),"-") -> 2 | F30: 1 | H30: =IFERROR(VLOOKUP($C30,烤漆色號編碼!$A:$D,4,FALSE)*表格2[[#This Row],[出]]+表格2[[#This Row],[散粉]],"-") -> 25 | I30: 7 | J30: =IFERROR(表格2[[#This Row],[重量(Kg)]]-表格2[[#This Row],[回庫]],"-") -> 18
B31: 45939 | C31: K-91097G | D31: =IFERROR(VLOOKUP($C31,烤漆色號編碼!$A:$C,2,FALSE),"-") -> BKS1 | E31: =IFERROR(VLOOKUP($C31,當前庫存!$C:$I,5,FALSE),"-") -> 17 | F31: 1 | G31: 25 | H31: =IFERROR(VLOOKUP($C31,烤漆色號編碼!$A:$D,4,FALSE)*表格2[[#This Row],[出]]+表格2[[#This Row],[散粉]],"-") -> 50 | I31: 18 | J31: =IFERROR(表格2[[#This Row],[重量(Kg)]]-表格2[[#This Row],[回庫]],"-") -> 32
B32: 45939 | C32: 4950-502 | D32: =IFERROR(VLOOKUP($C32,烤漆色號編碼!$A:$C,2,FALSE),"-") -> BK | E32: =IFERROR(VLOOKUP($C32,當前庫存!$C:$I,5,FALSE),"-") -> 4 | G32: 22 | H32: =IFERROR(VLOOKUP($C32,烤漆色號編碼!$A:$D,4,FALSE)*表格2[[#This Row],[出]]+表格2[[#This Row],[散粉]],"-") -> 22 | I32: 21 | J32: =IFERROR(表格2[[#This Row],[重量(Kg)]]-表格2[[#This Row],[回庫]],"-") -> 1
B33: 45939 | C33: 廢粉 | D33: =IFERROR(VLOOKUP($C33,烤漆色號編碼!$A:$C,2,FALSE),"-") -> - | E33: =IFERROR(VLOOKUP($C33,當前庫存!$C:$I,5,FALSE),"-") -> - | F33: 2 | H33: =IFERROR(VLOOKUP($C33,烤漆色號編碼!$A:$D,4,FALSE)*表格2[[#This Row],[出]]+表格2[[#This Row],[散粉]],"-") -> 50 | J33: =IFERROR(表格2[[#This Row],[重量(Kg)]]-表格2[[#This Row],[回庫]],"-") -> 50
B34: 45940 | C34: 國定假日 | D34: =IFERROR(VLOOKUP($C34,烤漆色號編碼!$A:$C,2,FALSE),"-") -> - | E34: =IFERROR(VLOOKUP($C34,當前庫存!$C:$I,5,FALSE),"-") -> - | H34: =IFERROR(VLOOKUP($C34,烤漆色號編碼!$A:$D,4,FALSE)*表格2[[#This Row],[出]]+表格2[[#This Row],[散粉]],"-") -> - | J34: =IFERROR(表格2[[#This Row],[重量(Kg)]]-表格2[[#This Row],[回庫]],"-") -> -
B35: 45941 | C35: 例假日 | D35: =IFERROR(VLOOKUP($C35,烤漆色號編碼!$A:$C,2,FALSE),"-") -> - | E35: =IFERROR(VLOOKUP($C35,當前庫存!$C:$I,5,FALSE),"-") -> - | H35: =IFERROR(VLOOKUP($C35,烤漆色號編碼!$A:$D,4,FALSE)*表格2[[#This Row],[出]]+表格2[[#This Row],[散粉]],"-") -> - | J35: =IFERROR(表格2[[#This Row],[重量(Kg)]]-表格2[[#This Row],[回庫]],"-") -> -
B36: 45942 | C36: 例假日 | D36: =IFERROR(VLOOKUP($C36,烤漆色號編碼!$A:$C,2,FALSE),"-") -> - | E36: =IFERROR(VLOOKUP($C36,當前庫存!$C:$I,5,FALSE),"-") -> - | H36: =IFERROR(VLOOKUP($C36,烤漆色號編碼!$A:$D,4,FALSE)*表格2[[#This Row],[出]]+表格2[[#This Row],[散粉]],"-") -> - | J36: =IFERROR(表格2[[#This Row],[重量(Kg)]]-表格2[[#This Row],[回庫]],"-") -> -
B37: 45943 | C37: K-91097G | D37: =IFERROR(VLOOKUP($C37,烤漆色號編碼!$A:$C,2,FALSE),"-") -> BKS1 | E37: =IFERROR(VLOOKUP($C37,當前庫存!$C:$I,5,FALSE),"-") -> 17 | F37: 2 | G37: =18+21 -> 39 | H37: =IFERROR(VLOOKUP($C37,烤漆色號編碼!$A:$D,4,FALSE)*表格2[[#This Row],[出]]+表格2[[#This Row],[散粉]],"-") -> 89 | I37: =6+6 -> 12 | J37: =IFERROR(表格2[[#This Row],[重量(Kg)]]-表格2[[#This Row],[回庫]],"-") -> 77
B38: 45943 | C38: 008/1H174 | D38: =IFERROR(VLOOKUP($C38,烤漆色號編碼!$A:$C,2,FALSE),"-") -> WE2 | E38: =IFERROR(VLOOKUP($C38,當前庫存!$C:$I,5,FALSE),"-") -> 26 | F38: 4 | G38: 5 | H38: =IFERROR(VLOOKUP($C38,烤漆色號編碼!$A:$D,4,FALSE)*表格2[[#This Row],[出]]+表格2[[#This Row],[散粉]],"-") -> 105 | I38: =12+6 -> 18 | J38: =IFERROR(表格2[[#This Row],[重量(Kg)]]-表格2[[#This Row],[回庫]],"-") -> 87
B39: 45943 | C39: 廢粉 | D39: =IFERROR(VLOOKUP($C39,烤漆色號編碼!$A:$C,2,FALSE),"-") -> - | E39: =IFERROR(VLOOKUP($C39,當前庫存!$C:$I,5,FALSE),"-") -> - | F39: 2 | H39: =IFERROR(VLOOKUP($C39,烤漆色號編碼!$A:$D,4,FALSE)*表格2[[#This Row],[出]]+表格2[[#This Row],[散粉]],"-") -> 50 | J39: =IFERROR(表格2[[#This Row],[重量(Kg)]]-表格2[[#This Row],[回庫]],"-") -> 50
B40: 45944 | C40: 008/2H056 | D40: =IFERROR(VLOOKUP($C40,烤漆色號編碼!$A:$C,2,FALSE),"-") -> YW1 | E40: =IFERROR(VLOOKUP($C40,當前庫存!$C:$I,5,FALSE),"-") -> 12 | G40: 5 | H40: =IFERROR(VLOOKUP($C40,烤漆色號編碼!$A:$D,4,FALSE)*表格2[[#This Row],[出]]+表格2[[#This Row],[散粉]],"-") -> 5 | I40: 4 | J40: =IFERROR(表格2[[#This Row],[重量(Kg)]]-表格2[[#This Row],[回庫]],"-") -> 1
B41: 45944 | C41: 780-9B65 | D41: =IFERROR(VLOOKUP($C41,烤漆色號編碼!$A:$C,2,FALSE),"-") -> ATG | E41: =IFERROR(VLOOKUP($C41,當前庫存!$C:$I,5,FALSE),"-") -> 3 | G41: 21 | H41: =IFERROR(VLOOKUP($C41,烤漆色號編碼!$A:$D,4,FALSE)*表格2[[#This Row],[出]]+表格2[[#This Row],[散粉]],"-") -> 21 | I41: 20 | J41: =IFERROR(表格2[[#This Row],[重量(Kg)]]-表格2[[#This Row],[回庫]],"-") -> 1
B42: 45944 | C42: 008/1H174 | D42: =IFERROR(VLOOKUP($C42,烤漆色號編碼!$A:$C,2,FALSE),"-") -> WE2 | E42: =IFERROR(VLOOKUP($C42,當前庫存!$C:$I,5,FALSE),"-") -> 26 | F42: 3 | G42: =12+6 -> 18 | H42: =IFERROR(VLOOKUP($C42,烤漆色號編碼!$A:$D,4,FALSE)*表格2[[#This Row],[出]]+表格2[[#This Row],[散粉]],"-") -> 93 | I42: 8 | J42: =IFERROR(表格2[[#This Row],[重量(Kg)]]-表格2[[#This Row],[回庫]],"-") -> 85
B43: 45944 | C43: 4950-502 | D43: =IFERROR(VLOOKUP($C43,烤漆色號編碼!$A:$C,2,FALSE),"-") -> BK | E43: =IFERROR(VLOOKUP($C43,當前庫存!$C:$I,5,FALSE),"-") -> 4 | G43: 21 | H43: =IFERROR(VLOOKUP($C43,烤漆色號編碼!$A:$D,4,FALSE)*表格2[[#This Row],[出]]+表格2[[#This Row],[散粉]],"-") -> 21 | I43: 20 | J43: =IFERROR(表格2[[#This Row],[重量(Kg)]]-表格2[[#This Row],[回庫]],"-") -> 1
B44: 45944 | C44: 廢粉 | D44: =IFERROR(VLOOKUP($C44,烤漆色號編碼!$A:$C,2,FALSE),"-") -> - | E44: =IFERROR(VLOOKUP($C44,當前庫存!$C:$I,5,FALSE),"-") -> - | F44: 2 | H44: =IFERROR(VLOOKUP($C44,烤漆色號編碼!$A:$D,4,FALSE)*表格2[[#This Row],[出]]+表格2[[#This Row],[散粉]],"-") -> 50 | J44: =IFERROR(表格2[[#This Row],[重量(Kg)]]-表格2[[#This Row],[回庫]],"-") -> 50
B45: 45945 | C45: 008/1H174 | D45: =IFERROR(VLOOKUP($C45,烤漆色號編碼!$A:$C,2,FALSE),"-") -> WE2 | E45: =IFERROR(VLOOKUP($C45,當前庫存!$C:$I,5,FALSE),"-") -> 26 | F45: 6 | G45: 8 | H45: =IFERROR(VLOOKUP($C45,烤漆色號編碼!$A:$D,4,FALSE)*表格2[[#This Row],[出]]+表格2[[#This Row],[散粉]],"-") -> 158 | I45: =19+22 -> 41 | J45: =IFERROR(表格2[[#This Row],[重量(Kg)]]-表格2[[#This Row],[回庫]],"-") -> 117
B46: 45945 | C46: 廢粉 | D46: =IFERROR(VLOOKUP($C46,烤漆色號編碼!$A:$C,2,FALSE),"-") -> - | E46: =IFERROR(VLOOKUP($C46,當前庫存!$C:$I,5,FALSE),"-") -> - | F46: 2 | H46: =IFERROR(VLOOKUP($C46,烤漆色號編碼!$A:$D,4,FALSE)*表格2[[#This Row],[出]]+表格2[[#This Row],[散粉]],"-") -> 50 | J46: =IFERROR(表格2[[#This Row],[重量(Kg)]]-表格2[[#This Row],[回庫]],"-") -> 50
B47: 45946 | C47: 008/1H174 | D47: =IFERROR(VLOOKUP($C47,烤漆色號編碼!$A:$C,2,FALSE),"-") -> WE2 | E47: =IFERROR(VLOOKUP($C47,當前庫存!$C:$I,5,FALSE),"-") -> 26 | F47: 2 | G47: 19 | H47: =IFERROR(VLOOKUP($C47,烤漆色號編碼!$A:$D,4,FALSE)*表格2[[#This Row],[出]]+表格2[[#This Row],[散粉]],"-") -> 69 | I47: 4 | J47: =IFERROR(表格2[[#This Row],[重量(Kg)]]-表格2[[#This Row],[回庫]],"-") -> 65
B48: 45946 | C48: K-91097G | D48: =IFERROR(VLOOKUP($C48,烤漆色號編碼!$A:$C,2,FALSE),"-") -> BKS1 | E48: =IFERROR(VLOOKUP($C48,當前庫存!$C:$I,5,FALSE),"-") -> 17 | F48: 4 | G48: =6+6 -> 12 | H48: =IFERROR(VLOOKUP($C48,烤漆色號編碼!$A:$D,4,FALSE)*表格2[[#This Row],[出]]+表格2[[#This Row],[散粉]],"-") -> 112 | I48: =13+8 -> 21 | J48: =IFERROR(表格2[[#This Row],[重量(Kg)]]-表格2[[#This Row],[回庫]],"-") -> 91
B49: 45946 | C49: 廢粉 | D49: =IFERROR(VLOOKUP($C49,烤漆色號編碼!$A:$C,2,FALSE),"-") -> - | E49: =IFERROR(VLOOKUP($C49,當前庫存!$C:$I,5,FALSE),"-") -> - | F49: 2 | H49: =IFERROR(VLOOKUP($C49,烤漆色號編碼!$A:$D,4,FALSE)*表格2[[#This Row],[出]]+表格2[[#This Row],[散粉]],"-") -> 50 | J49: =IFERROR(表格2[[#This Row],[重量(Kg)]]-表格2[[#This Row],[回庫]],"-") -> 50
B50: 45947 | C50: K-91097G | D50: =IFERROR(VLOOKUP($C50,烤漆色號編碼!$A:$C,2,FALSE),"-") -> BKS1 | E50: =IFERROR(VLOOKUP($C50,當前庫存!$C:$I,5,FALSE),"-") -> 17 | F50: 2 | G50: =13+8 -> 21 | H50: =IFERROR(VLOOKUP($C50,烤漆色號編碼!$A:$D,4,FALSE)*表格2[[#This Row],[出]]+表格2[[#This Row],[散粉]],"-") -> 71 | I50: =6+6 -> 12 | J50: =IFERROR(表格2[[#This Row],[重量(Kg)]]-表格2[[#This Row],[回庫]],"-") -> 59
B51: 45947 | C51: 008/1H174 | D51: =IFERROR(VLOOKUP($C51,烤漆色號編碼!$A:$C,2,FALSE),"-") -> WE2 | E51: =IFERROR(VLOOKUP($C51,當前庫存!$C:$I,5,FALSE),"-") -> 26 | F51: 3 | G51: 4 | H51: =IFERROR(VLOOKUP($C51,烤漆色號編碼!$A:$D,4,FALSE)*表格2[[#This Row],[出]]+表格2[[#This Row],[散粉]],"-") -> 79 | I51: =6+6 -> 12 | J51: =IFERROR(表格2[[#This Row],[重量(Kg)]]-表格2[[#This Row],[回庫]],"-") -> 67
B52: 45947 | C52: 廢粉 | D52: =IFERROR(VLOOKUP($C52,烤漆色號編碼!$A:$C,2,FALSE),"-") -> - | E52: =IFERROR(VLOOKUP($C52,當前庫存!$C:$I,5,FALSE),"-") -> - | F52: 2 | H52: =IFERROR(VLOOKUP($C52,烤漆色號編碼!$A:$D,4,FALSE)*表格2[[#This Row],[出]]+表格2[[#This Row],[散粉]],"-") -> 50 | J52: =IFERROR(表格2[[#This Row],[重量(Kg)]]-表格2[[#This Row],[回庫]],"-") -> 50
B53: 45948 | C53: 例假日 | D53: =IFERROR(VLOOKUP($C53,烤漆色號編碼!$A:$C,2,FALSE),"-") -> - | E53: =IFERROR(VLOOKUP($C53,當前庫存!$C:$I,5,FALSE),"-") -> - | H53: =IFERROR(VLOOKUP($C53,烤漆色號編碼!$A:$D,4,FALSE)*表格2[[#This Row],[出]]+表格2[[#This Row],[散粉]],"-") -> - | J53: =IFERROR(表格2[[#This Row],[重量(Kg)]]-表格2[[#This Row],[回庫]],"-") -> -
B54: 45949 | C54: 例假日 | D54: =IFERROR(VLOOKUP($C54,烤漆色號編碼!$A:$C,2,FALSE),"-") -> - | E54: =IFERROR(VLOOKUP($C54,當前庫存!$C:$I,5,FALSE),"-") -> - | H54: =IFERROR(VLOOKUP($C54,烤漆色號編碼!$A:$D,4,FALSE)*表格2[[#This Row],[出]]+表格2[[#This Row],[散粉]],"-") -> - | J54: =IFERROR(表格2[[#This Row],[重量(Kg)]]-表格2[[#This Row],[回庫]],"-") -> -
B55: 45950 | C55: 008/1H174 | D55: =IFERROR(VLOOKUP($C55,烤漆色號編碼!$A:$C,2,FALSE),"-") -> WE2 | E55: =IFERROR(VLOOKUP($C55,當前庫存!$C:$I,5,FALSE),"-") -> 26 | F55: 3 | G55: =6+6 -> 12 | H55: =IFERROR(VLOOKUP($C55,烤漆色號編碼!$A:$D,4,FALSE)*表格2[[#This Row],[出]]+表格2[[#This Row],[散粉]],"-") -> 87 | I55: =4+6 -> 10 | J55: =IFERROR(表格2[[#This Row],[重量(Kg)]]-表格2[[#This Row],[回庫]],"-") -> 77
B56: 45950 | C56: 廢粉 | D56: =IFERROR(VLOOKUP($C56,烤漆色號編碼!$A:$C,2,FALSE),"-") -> - | E56: =IFERROR(VLOOKUP($C56,當前庫存!$C:$I,5,FALSE),"-") -> - | F56: 1 | H56: =IFERROR(VLOOKUP($C56,烤漆色號編碼!$A:$D,4,FALSE)*表格2[[#This Row],[出]]+表格2[[#This Row],[散粉]],"-") -> 25 | J56: =IFERROR(表格2[[#This Row],[重量(Kg)]]-表格2[[#This Row],[回庫]],"-") -> 25
B57: 45951 | C57: 無烤漆 | D57: =IFERROR(VLOOKUP($C57,烤漆色號編碼!$A:$C,2,FALSE),"-") -> - | E57: =IFERROR(VLOOKUP($C57,當前庫存!$C:$I,5,FALSE),"-") -> - | H57: =IFERROR(VLOOKUP($C57,烤漆色號編碼!$A:$D,4,FALSE)*表格2[[#This Row],[出]]+表格2[[#This Row],[散粉]],"-") -> - | J57: =IFERROR(表格2[[#This Row],[重量(Kg)]]-表格2[[#This Row],[回庫]],"-") -> -
B58: 45952 | C58: 4950-502 | D58: =IFERROR(VLOOKUP($C58,烤漆色號編碼!$A:$C,2,FALSE),"-") -> BK | E58: =IFERROR(VLOOKUP($C58,當前庫存!$C:$I,5,FALSE),"-") -> 4 | G58: 20 | H58: =IFERROR(VLOOKUP($C58,烤漆色號編碼!$A:$D,4,FALSE)*表格2[[#This Row],[出]]+表格2[[#This Row],[散粉]],"-") -> 20 | I58: 11 | J58: =IFERROR(表格2[[#This Row],[重量(Kg)]]-表格2[[#This Row],[回庫]],"-") -> 9
B59: 45952 | C59: 4605-505 | D59: =IFERROR(VLOOKUP($C59,烤漆色號編碼!$A:$C,2,FALSE),"-") -> EBK | E59: =IFERROR(VLOOKUP($C59,當前庫存!$C:$I,5,FALSE),"-") -> 3 | F59: 1 | G59: 7 | H59: =IFERROR(VLOOKUP($C59,烤漆色號編碼!$A:$D,4,FALSE)*表格2[[#This Row],[出]]+表格2[[#This Row],[散粉]],"-") -> 32 | I59: 26 | J59: =IFERROR(表格2[[#This Row],[重量(Kg)]]-表格2[[#This Row],[回庫]],"-") -> 6
B60: 45952 | C60: EL-0365T | D60: =IFERROR(VLOOKUP($C60,烤漆色號編碼!$A:$C,2,FALSE),"-") -> IGS | E60: =IFERROR(VLOOKUP($C60,當前庫存!$C:$I,5,FALSE),"-") -> 2 | F60: 1 | G60: 7 | H60: =IFERROR(VLOOKUP($C60,烤漆色號編碼!$A:$D,4,FALSE)*表格2[[#This Row],[出]]+表格2[[#This Row],[散粉]],"-") -> 32 | I60: 14 | J60: =IFERROR(表格2[[#This Row],[重量(Kg)]]-表格2[[#This Row],[回庫]],"-") -> 18
B61: 45952 | C61: EN-402T | D61: =IFERROR(VLOOKUP($C61,烤漆色號編碼!$A:$C,2,FALSE),"-") -> BKH | E61: =IFERROR(VLOOKUP($C61,當前庫存!$C:$I,5,FALSE),"-") -> 0 | G61: 23 | H61: =IFERROR(VLOOKUP($C61,烤漆色號編碼!$A:$D,4,FALSE)*表格2[[#This Row],[出]]+表格2[[#This Row],[散粉]],"-") -> 23 | I61: 20 | J61: =IFERROR(表格2[[#This Row],[重量(Kg)]]-表格2[[#This Row],[回庫]],"-") -> 3
B62: 45952 | C62: 008/2H056 | D62: =IFERROR(VLOOKUP($C62,烤漆色號編碼!$A:$C,2,FALSE),"-") -> YW1 | E62: =IFERROR(VLOOKUP($C62,當前庫存!$C:$I,5,FALSE),"-") -> 12 | G62: =4+21 -> 25 | H62: =IFERROR(VLOOKUP($C62,烤漆色號編碼!$A:$D,4,FALSE)*表格2[[#This Row],[出]]+表格2[[#This Row],[散粉]],"-") -> 25 | I62: 10 | J62: =IFERROR(表格2[[#This Row],[重量(Kg)]]-表格2[[#This Row],[回庫]],"-") -> 15
B63: 45952 | C63: K-91097G | D63: =IFERROR(VLOOKUP($C63,烤漆色號編碼!$A:$C,2,FALSE),"-") -> BKS1 | E63: =IFERROR(VLOOKUP($C63,當前庫存!$C:$I,5,FALSE),"-") -> 17 | F63: 1 | G63: 6 | H63: =IFERROR(VLOOKUP($C63,烤漆色號編碼!$A:$D,4,FALSE)*表格2[[#This Row],[出]]+表格2[[#This Row],[散粉]],"-") -> 31 | I63: 9 | J63: =IFERROR(表格2[[#This Row],[重量(Kg)]]-表格2[[#This Row],[回庫]],"-") -> 22
B64: 45952 | C64: 008/1H174 | D64: =IFERROR(VLOOKUP($C64,烤漆色號編碼!$A:$C,2,FALSE),"-") -> WE2 | E64: =IFERROR(VLOOKUP($C64,當前庫存!$C:$I,5,FALSE),"-") -> 26 | F64: 1 | G64: =4+6 -> 10 | H64: =IFERROR(VLOOKUP($C64,烤漆色號編碼!$A:$D,4,FALSE)*表格2[[#This Row],[出]]+表格2[[#This Row],[散粉]],"-") -> 35 | I64: =13+6 -> 19 | J64: =IFERROR(表格2[[#This Row],[重量(Kg)]]-表格2[[#This Row],[回庫]],"-") -> 16
B65: 45952 | C65: 廢粉 | D65: =IFERROR(VLOOKUP($C65,烤漆色號編碼!$A:$C,2,FALSE),"-") -> - | E65: =IFERROR(VLOOKUP($C65,當前庫存!$C:$I,5,FALSE),"-") -> - | F65: 1 | H65: =IFERROR(VLOOKUP($C65,烤漆色號編碼!$A:$D,4,FALSE)*表格2[[#This Row],[出]]+表格2[[#This Row],[散粉]],"-") -> 25 | J65: =IFERROR(表格2[[#This Row],[重量(Kg)]]-表格2[[#This Row],[回庫]],"-") -> 25
B66: 45953 | C66: 008/1H174 | D66: =IFERROR(VLOOKUP($C66,烤漆色號編碼!$A:$C,2,FALSE),"-") -> WE2 | E66: =IFERROR(VLOOKUP($C66,當前庫存!$C:$I,5,FALSE),"-") -> 26 | F66: 5 | G66: =13+6 -> 19 | H66: =IFERROR(VLOOKUP($C66,烤漆色號編碼!$A:$D,4,FALSE)*表格2[[#This Row],[出]]+表格2[[#This Row],[散粉]],"-") -> 144 | I66: =14+6 -> 20 | J66: =IFERROR(表格2[[#This Row],[重量(Kg)]]-表格2[[#This Row],[回庫]],"-") -> 124
B67: 45953 | C67: 廢粉 | D67: =IFERROR(VLOOKUP($C67,烤漆色號編碼!$A:$C,2,FALSE),"-") -> - | E67: =IFERROR(VLOOKUP($C67,當前庫存!$C:$I,5,FALSE),"-") -> - | F67: 2 | H67: =IFERROR(VLOOKUP($C67,烤漆色號編碼!$A:$D,4,FALSE)*表格2[[#This Row],[出]]+表格2[[#This Row],[散粉]],"-") -> 50 | J67: =IFERROR(表格2[[#This Row],[重量(Kg)]]-表格2[[#This Row],[回庫]],"-") -> 50
B68: 45954 | C68: 國定假日 | D68: =IFERROR(VLOOKUP($C68,烤漆色號編碼!$A:$C,2,FALSE),"-") -> - | E68: =IFERROR(VLOOKUP($C68,當前庫存!$C:$I,5,FALSE),"-") -> - | H68: =IFERROR(VLOOKUP($C68,烤漆色號編碼!$A:$D,4,FALSE)*表格2[[#This Row],[出]]+表格2[[#This Row],[散粉]],"-") -> - | J68: =IFERROR(表格2[[#This Row],[重量(Kg)]]-表格2[[#This Row],[回庫]],"-") -> -
B69: 45955 | C69: 例假日 | D69: =IFERROR(VLOOKUP($C69,烤漆色號編碼!$A:$C,2,FALSE),"-") -> - | E69: =IFERROR(VLOOKUP($C69,當前庫存!$C:$I,5,FALSE),"-") -> - | H69: =IFERROR(VLOOKUP($C69,烤漆色號編碼!$A:$D,4,FALSE)*表格2[[#This Row],[出]]+表格2[[#This Row],[散粉]],"-") -> - | J69: =IFERROR(表格2[[#This Row],[重量(Kg)]]-表格2[[#This Row],[回庫]],"-") -> -
B70: 45956 | C70: 例假日 | D70: =IFERROR(VLOOKUP($C70,烤漆色號編碼!$A:$C,2,FALSE),"-") -> - | E70: =IFERROR(VLOOKUP($C70,當前庫存!$C:$I,5,FALSE),"-") -> - | H70: =IFERROR(VLOOKUP($C70,烤漆色號編碼!$A:$D,4,FALSE)*表格2[[#This Row],[出]]+表格2[[#This Row],[散粉]],"-") -> - | J70: =IFERROR(表格2[[#This Row],[重量(Kg)]]-表格2[[#This Row],[回庫]],"-") -> -
B71: 45957 | C71: 008/2H056 | D71: =IFERROR(VLOOKUP($C71,烤漆色號編碼!$A:$C,2,FALSE),"-") -> YW1 | E71: =IFERROR(VLOOKUP($C71,當前庫存!$C:$I,5,FALSE),"-") -> 12 | F71: 1 | G71: 10 | H71: =IFERROR(VLOOKUP($C71,烤漆色號編碼!$A:$D,4,FALSE)*表格2[[#This Row],[出]]+表格2[[#This Row],[散粉]],"-") -> 35 | I71: 5 | J71: =IFERROR(表格2[[#This Row],[重量(Kg)]]-表格2[[#This Row],[回庫]],"-") -> 30
B72: 45957 | C72: K-91097G | D72: =IFERROR(VLOOKUP($C72,烤漆色號編碼!$A:$C,2,FALSE),"-") -> BKS1 | E72: =IFERROR(VLOOKUP($C72,當前庫存!$C:$I,5,FALSE),"-") -> 17 | F72: 1 | G72: 9 | H72: =IFERROR(VLOOKUP($C72,烤漆色號編碼!$A:$D,4,FALSE)*表格2[[#This Row],[出]]+表格2[[#This Row],[散粉]],"-") -> 34 | I72: 18 | J72: =IFERROR(表格2[[#This Row],[重量(Kg)]]-表格2[[#This Row],[回庫]],"-") -> 16
B73: 45957 | C73: 4605-505 | D73: =IFERROR(VLOOKUP($C73,烤漆色號編碼!$A:$C,2,FALSE),"-") -> EBK | E73: =IFERROR(VLOOKUP($C73,當前庫存!$C:$I,5,FALSE),"-") -> 3 | G73: 26 | H73: =IFERROR(VLOOKUP($C73,烤漆色號編碼!$A:$D,4,FALSE)*表格2[[#This Row],[出]]+表格2[[#This Row],[散粉]],"-") -> 26 | I73: 26 | J73: =IFERROR(表格2[[#This Row],[重量(Kg)]]-表格2[[#This Row],[回庫]],"-") -> 0
B74: 45957 | C74: 008/1H174 | D74: =IFERROR(VLOOKUP($C74,烤漆色號編碼!$A:$C,2,FALSE),"-") -> WE2 | E74: =IFERROR(VLOOKUP($C74,當前庫存!$C:$I,5,FALSE),"-") -> 26 | F74: 2 | G74: =14+6+22 -> 42 | H74: =IFERROR(VLOOKUP($C74,烤漆色號編碼!$A:$D,4,FALSE)*表格2[[#This Row],[出]]+表格2[[#This Row],[散粉]],"-") -> 92 | I74: 8 | J74: =IFERROR(表格2[[#This Row],[重量(Kg)]]-表格2[[#This Row],[回庫]],"-") -> 84
B75: 45957 | C75: 廢粉 | D75: =IFERROR(VLOOKUP($C75,烤漆色號編碼!$A:$C,2,FALSE),"-") -> - | E75: =IFERROR(VLOOKUP($C75,當前庫存!$C:$I,5,FALSE),"-") -> - | F75: 1 | H75: =IFERROR(VLOOKUP($C75,烤漆色號編碼!$A:$D,4,FALSE)*表格2[[#This Row],[出]]+表格2[[#This Row],[散粉]],"-") -> 25 | J75: =IFERROR(表格2[[#This Row],[重量(Kg)]]-表格2[[#This Row],[回庫]],"-") -> 25
D76: =IFERROR(VLOOKUP($C76,烤漆色號編碼!$A:$C,2,FALSE),"-") -> - | E76: =IFERROR(VLOOKUP($C76,當前庫存!$C:$I,5,FALSE),"-") -> - | H76: =IFERROR(VLOOKUP($C76,烤漆色號編碼!$A:$D,4,FALSE)*表格2[[#This Row],[出]]+表格2[[#This Row],[散粉]],"-") -> - | J76: =IFERROR(表格2[[#This Row],[重量(Kg)]]-表格2[[#This Row],[回庫]],"-") -> -
D77: =IFERROR(VLOOKUP($C77,烤漆色號編碼!$A:$C,2,FALSE),"-") -> - | E77: =IFERROR(VLOOKUP($C77,當前庫存!$C:$I,5,FALSE),"-") -> - | H77: =IFERROR(VLOOKUP($C77,烤漆色號編碼!$A:$D,4,FALSE)*表格2[[#This Row],[出]]+表格2[[#This Row],[散粉]],"-") -> - | J77: =IFERROR(表格2[[#This Row],[重量(Kg)]]-表格2[[#This Row],[回庫]],"-") -> -
D78: =IFERROR(VLOOKUP($C78,烤漆色號編碼!$A:$C,2,FALSE),"-") -> - | E78: =IFERROR(VLOOKUP($C78,當前庫存!$C:$I,5,FALSE),"-") -> - | H78: =IFERROR(VLOOKUP($C78,烤漆色號編碼!$A:$D,4,FALSE)*表格2[[#This Row],[出]]+表格2[[#This Row],[散粉]],"-") -> - | J78: =IFERROR(表格2[[#This Row],[重量(Kg)]]-表格2[[#This Row],[回庫]],"-") -> -
D79: =IFERROR(VLOOKUP($C79,烤漆色號編碼!$A:$C,2,FALSE),"-") -> - | E79: =IFERROR(VLOOKUP($C79,當前庫存!$C:$I,5,FALSE),"-") -> - | H79: =IFERROR(VLOOKUP($C79,烤漆色號編碼!$A:$D,4,FALSE)*表格2[[#This Row],[出]]+表格2[[#This Row],[散粉]],"-") -> - | J79: =IFERROR(表格2[[#This Row],[重量(Kg)]]-表格2[[#This Row],[回庫]],"-") -> -
D80: =IFERROR(VLOOKUP($C80,烤漆色號編碼!$A:$C,2,FALSE),"-") -> - | E80: =IFERROR(VLOOKUP($C80,當前庫存!$C:$I,5,FALSE),"-") -> - | H80: =IFERROR(VLOOKUP($C80,烤漆色號編碼!$A:$D,4,FALSE)*表格2[[#This Row],[出]]+表格2[[#This Row],[散粉]],"-") -> - | J80: =IFERROR(表格2[[#This Row],[重量(Kg)]]-表格2[[#This Row],[回庫]],"-") -> -
D81: =IFERROR(VLOOKUP($C81,烤漆色號編碼!$A:$C,2,FALSE),"-") -> - | E81: =IFERROR(VLOOKUP($C81,當前庫存!$C:$I,5,FALSE),"-") -> - | H81: =IFERROR(VLOOKUP($C81,烤漆色號編碼!$A:$D,4,FALSE)*表格2[[#This Row],[出]]+表格2[[#This Row],[散粉]],"-") -> - | J81: =IFERROR(表格2[[#This Row],[重量(Kg)]]-表格2[[#This Row],[回庫]],"-") -> -
D82: =IFERROR(VLOOKUP($C82,烤漆色號編碼!$A:$C,2,FALSE),"-") -> - | E82: =IFERROR(VLOOKUP($C82,當前庫存!$C:$I,5,FALSE),"-") -> - | H82: =IFERROR(VLOOKUP($C82,烤漆色號編碼!$A:$D,4,FALSE)*表格2[[#This Row],[出]]+表格2[[#This Row],[散粉]],"-") -> - | J82: =IFERROR(表格2[[#This Row],[重量(Kg)]]-表格2[[#This Row],[回庫]],"-") -> -
D83: =IFERROR(VLOOKUP($C83,烤漆色號編碼!$A:$C,2,FALSE),"-") -> - | E83: =IFERROR(VLOOKUP($C83,當前庫存!$C:$I,5,FALSE),"-") -> - | H83: =IFERROR(VLOOKUP($C83,烤漆色號編碼!$A:$D,4,FALSE)*表格2[[#This Row],[出]]+表格2[[#This Row],[散粉]],"-") -> - | J83: =IFERROR(表格2[[#This Row],[重量(Kg)]]-表格2[[#This Row],[回庫]],"-") -> -
D84: =IFERROR(VLOOKUP($C84,烤漆色號編碼!$A:$C,2,FALSE),"-") -> - | E84: =IFERROR(VLOOKUP($C84,當前庫存!$C:$I,5,FALSE),"-") -> - | H84: =IFERROR(VLOOKUP($C84,烤漆色號編碼!$A:$D,4,FALSE)*表格2[[#This Row],[出]]+表格2[[#This Row],[散粉]],"-") -> - | J84: =IFERROR(表格2[[#This Row],[重量(Kg)]]-表格2[[#This Row],[回庫]],"-") -> -
D85: =IFERROR(VLOOKUP($C85,烤漆色號編碼!$A:$C,2,FALSE),"-") -> - | E85: =IFERROR(VLOOKUP($C85,當前庫存!$C:$I,5,FALSE),"-") -> - | H85: =IFERROR(VLOOKUP($C85,烤漆色號編碼!$A:$D,4,FALSE)*表格2[[#This Row],[出]]+表格2[[#This Row],[散粉]],"-") -> - | J85: =IFERROR(表格2[[#This Row],[重量(Kg)]]-表格2[[#This Row],[回庫]],"-") -> -
D86: =IFERROR(VLOOKUP($C86,烤漆色號編碼!$A:$C,2,FALSE),"-") -> - | E86: =IFERROR(VLOOKUP($C86,當前庫存!$C:$I,5,FALSE),"-") -> - | H86: =IFERROR(VLOOKUP($C86,烤漆色號編碼!$A:$D,4,FALSE)*表格2[[#This Row],[出]]+表格2[[#This Row],[散粉]],"-") -> - | J86: =IFERROR(表格2[[#This Row],[重量(Kg)]]-表格2[[#This Row],[回庫]],"-") -> -
D87: =IFERROR(VLOOKUP($C87,烤漆色號編碼!$A:$C,2,FALSE),"-") -> - | E87: =IFERROR(VLOOKUP($C87,當前庫存!$C:$I,5,FALSE),"-") -> - | H87: =IFERROR(VLOOKUP($C87,烤漆色號編碼!$A:$D,4,FALSE)*表格2[[#This Row],[出]]+表格2[[#This Row],[散粉]],"-") -> - | J87: =IFERROR(表格2[[#This Row],[重量(Kg)]]-表格2[[#This Row],[回庫]],"-") -> -
... D126: =IFERROR(VLOOKUP($C126,烤漆色號編碼!$A:$C,2,FALSE),"-") -> - | E126: =IFERROR(VLOOKUP($C126,當前庫存!$C:$I,5,FALSE),"-") -> - | H126: =IFERROR(VLOOKUP($C126,烤漆色號編碼!$A:$D,4,FALSE)*表格2[[#This Row],[出]]+表格2[[#This Row],[散粉]],"-") -> - | J126: =IFERROR(表格2[[#This Row],[重量(Kg)]]-表格2[[#This Row],[回庫]],"-") -> -

Sheet 當前庫存
C2: 紀錄表 | D2: 當前庫存 | E2: 期初庫存 | F2: 採購入庫 | G2: =TODAY() -> 46300 | H2: =TEXT(WEEKDAY(每日用粉紀錄表!#REF!,1),"aaaa") -> #REF!
B3: NO: | C3: 粉號 | D3: 色系 | E3: 代號 | F3: 散粉(KG) | G3: 當前庫存 | H3: 安全庫存（設置） | I3: 建議購入 | J3: 總數量
B4: =MAX($B$3:B3)+1 -> 1 | C4: =IF(烤漆色號編碼!A2="","-",烤漆色號編碼!A2) -> DP-11485 | D4: =IF(烤漆色號編碼!C2="","-",烤漆色號編碼!C2) -> 白亮光 | E4: =IF(烤漆色號編碼!B2="","-",烤漆色號編碼!B2) -> WE | F4: =SUMIFS(期初庫存!F:F,期初庫存!C:C,C4)+SUMIFS(採購入庫!H:H,採購入庫!D:D,C4)-SUMIFS(借出!H:H,借出!D:D,C4)-SUMIFS(每日用粉紀錄表!G:G,每日用粉紀錄表!C:C,C4)+SUMIFS(歸還!H:H,歸還!D:D,C4)+SUMIFS(每日用粉紀錄表!I:I,每日用粉紀錄表!C:C,C4) -> 38 | G4: =SUMIFS(期初庫存!G:G,期初庫存!C:C,C4)+SUMIFS(採購入庫!G:G,採購入庫!D:D,C4)-SUMIFS(每日用粉紀錄表!F:F,每日用粉紀錄表!C:C,C4)-SUMIFS(借出!G:G,借出!D:D,C4)+SUMIFS(歸還!G:G,歸還!D:D,C4) -> 1 | I4: =IF(H4>G4,"採購","否") -> 否 | J4: =IFERROR($G4*25+$F4,"-") -> 63
B5: =MAX($B$3:B4)+1 -> 2 | C5: =IF(烤漆色號編碼!A3="","-",烤漆色號編碼!A3) -> DP-1856 | D5: =IF(烤漆色號編碼!C3="","-",烤漆色號編碼!C3) -> 灰白 | E5: =IF(烤漆色號編碼!B3="","-",烤漆色號編碼!B3) -> WE1 | F5: =SUMIFS(期初庫存!F:F,期初庫存!C:C,C5)+SUMIFS(採購入庫!H:H,採購入庫!D:D,C5)-SUMIFS(借出!H:H,借出!D:D,C5)-SUMIFS(每日用粉紀錄表!G:G,每日用粉紀錄表!C:C,C5)+SUMIFS(歸還!H:H,歸還!D:D,C5)+SUMIFS(每日用粉紀錄表!I:I,每日用粉紀錄表!C:C,C5) -> 12 | G5: =SUMIFS(期初庫存!G:G,期初庫存!C:C,C5)+SUMIFS(採購入庫!G:G,採購入庫!D:D,C5)-SUMIFS(每日用粉紀錄表!F:F,每日用粉紀錄表!C:C,C5)-SUMIFS(借出!G:G,借出!D:D,C5)+SUMIFS(歸還!G:G,歸還!D:D,C5) -> 1 | I5: =IF(H5>G5,"採購","否") -> 否 | J5: =IFERROR($G5*25+$F5,"-") -> 37
B6: =MAX($B$3:B5)+1 -> 3 | C6: =IF(烤漆色號編碼!A4="","-",烤漆色號編碼!A4) -> O-5905 | D6: =IF(烤漆色號編碼!C4="","-",烤漆色號編碼!C4) -> 黃亮光 | E6: =IF(烤漆色號編碼!B4="","-",烤漆色號編碼!B4) -> 換粉 | F6: =SUMIFS(期初庫存!F:F,期初庫存!C:C,C6)+SUMIFS(採購入庫!H:H,採購入庫!D:D,C6)-SUMIFS(借出!H:H,借出!D:D,C6)-SUMIFS(每日用粉紀錄表!G:G,每日用粉紀錄表!C:C,C6)+SUMIFS(歸還!H:H,歸還!D:D,C6)+SUMIFS(每日用粉紀錄表!I:I,每日用粉紀錄表!C:C,C6) -> 0 | G6: =SUMIFS(期初庫存!G:G,期初庫存!C:C,C6)+SUMIFS(採購入庫!G:G,採購入庫!D:D,C6)-SUMIFS(每日用粉紀錄表!F:F,每日用粉紀錄表!C:C,C6)-SUMIFS(借出!G:G,借出!D:D,C6)+SUMIFS(歸還!G:G,歸還!D:D,C6) -> 0 | I6: =IF(H6>G6,"採購","否") -> 否 | J6: =IFERROR($G6*25+$F6,"-") -> 0
B7: =MAX($B$3:B6)+1 -> 4 | C7: =IF(烤漆色號編碼!A5="","-",烤漆色號編碼!A5) -> New O-5905 | D7: =IF(烤漆色號編碼!C5="","-",烤漆色號編碼!C5) -> 黃亮光 | E7: =IF(烤漆色號編碼!B5="","-",烤漆色號編碼!B5) -> 換粉 | F7: =SUMIFS(期初庫存!F:F,期初庫存!C:C,C7)+SUMIFS(採購入庫!H:H,採購入庫!D:D,C7)-SUMIFS(借出!H:H,借出!D:D,C7)-SUMIFS(每日用粉紀錄表!G:G,每日用粉紀錄表!C:C,C7)+SUMIFS(歸還!H:H,歸還!D:D,C7)+SUMIFS(每日用粉紀錄表!I:I,每日用粉紀錄表!C:C,C7) -> 7 | G7: =SUMIFS(期初庫存!G:G,期初庫存!C:C,C7)+SUMIFS(採購入庫!G:G,採購入庫!D:D,C7)-SUMIFS(每日用粉紀錄表!F:F,每日用粉紀錄表!C:C,C7)-SUMIFS(借出!G:G,借出!D:D,C7)+SUMIFS(歸還!G:G,歸還!D:D,C7) -> 2 | I7: =IF(H7>G7,"採購","否") -> 否 | J7: =IFERROR($G7*25+$F7,"-") -> 57
B8: =MAX($B$3:B7)+1 -> 5 | C8: =IF(烤漆色號編碼!A6="","-",烤漆色號編碼!A6) -> 790-41540H | D8: =IF(烤漆色號編碼!C6="","-",烤漆色號編碼!C6) -> 黃錘紋 | E8: =IF(烤漆色號編碼!B6="","-",烤漆色號編碼!B6) -> YWH | F8: =SUMIFS(期初庫存!F:F,期初庫存!C:C,C8)+SUMIFS(採購入庫!H:H,採購入庫!D:D,C8)-SUMIFS(借出!H:H,借出!D:D,C8)-SUMIFS(每日用粉紀錄表!G:G,每日用粉紀錄表!C:C,C8)+SUMIFS(歸還!H:H,歸還!D:D,C8)+SUMIFS(每日用粉紀錄表!I:I,每日用粉紀錄表!C:C,C8) -> 27 | G8: =SUMIFS(期初庫存!G:G,期初庫存!C:C,C8)+SUMIFS(採購入庫!G:G,採購入庫!D:D,C8)-SUMIFS(每日用粉紀錄表!F:F,每日用粉紀錄表!C:C,C8)-SUMIFS(借出!G:G,借出!D:D,C8)+SUMIFS(歸還!G:G,歸還!D:D,C8) -> 0 | H8: 1 | I8: =IF(H8>G8,"採購","否") -> 採購 | J8: =IFERROR($G8*25+$F8,"-") -> 27
B9: =MAX($B$3:B8)+1 -> 6 | C9: =IF(烤漆色號編碼!A7="","-",烤漆色號編碼!A7) -> 780-310AT | D9: =IF(烤漆色號編碼!C7="","-",烤漆色號編碼!C7) -> 法拉利紅 | E9: =IF(烤漆色號編碼!B7="","-",烤漆色號編碼!B7) -> RD | F9: =SUMIFS(期初庫存!F:F,期初庫存!C:C,C9)+SUMIFS(採購入庫!H:H,採購入庫!D:D,C9)-SUMIFS(借出!H:H,借出!D:D,C9)-SUMIFS(每日用粉紀錄表!G:G,每日用粉紀錄表!C:C,C9)+SUMIFS(歸還!H:H,歸還!D:D,C9)+SUMIFS(每日用粉紀錄表!I:I,每日用粉紀錄表!C:C,C9) -> 12 | G9: =SUMIFS(期初庫存!G:G,期初庫存!C:C,C9)+SUMIFS(採購入庫!G:G,採購入庫!D:D,C9)-SUMIFS(每日用粉紀錄表!F:F,每日用粉紀錄表!C:C,C9)-SUMIFS(借出!G:G,借出!D:D,C9)+SUMIFS(歸還!G:G,歸還!D:D,C9) -> 3 | H9: 1 | I9: =IF(H9>G9,"採購","否") -> 否 | J9: =IFERROR($G9*25+$F9,"-") -> 87
B10: =MAX($B$3:B9)+1 -> 7 | C10: =IF(烤漆色號編碼!A8="","-",烤漆色號編碼!A8) -> LT-90442 | D10: =IF(烤漆色號編碼!C8="","-",烤漆色號編碼!C8) -> 藍色 | E10: =IF(烤漆色號編碼!B8="","-",烤漆色號編碼!B8) -> BE | F10: =SUMIFS(期初庫存!F:F,期初庫存!C:C,C10)+SUMIFS(採購入庫!H:H,採購入庫!D:D,C10)-SUMIFS(借出!H:H,借出!D:D,C10)-SUMIFS(每日用粉紀錄表!G:G,每日用粉紀錄表!C:C,C10)+SUMIFS(歸還!H:H,歸還!D:D,C10)+SUMIFS(每日用粉紀錄表!I:I,每日用粉紀錄表!C:C,C10) -> 3 | G10: =SUMIFS(期初庫存!G:G,期初庫存!C:C,C10)+SUMIFS(採購入庫!G:G,採購入庫!D:D,C10)-SUMIFS(每日用粉紀錄表!F:F,每日用粉紀錄表!C:C,C10)-SUMIFS(借出!G:G,借出!D:D,C10)+SUMIFS(歸還!G:G,歸還!D:D,C10) -> 2 | H10: 1 | I10: =IF(H10>G10,"採購","否") -> 否 | J10: =IFERROR($G10*25+$F10,"-") -> 53
B11: =MAX($B$3:B10)+1 -> 8 | C11: =IF(烤漆色號編碼!A9="","-",烤漆色號編碼!A9) -> 770-739 | D11: =IF(烤漆色號編碼!C9="","-",烤漆色號編碼!C9) -> 豔藍-孔雀藍 | E11: =IF(烤漆色號編碼!B9="","-",烤漆色號編碼!B9) -> BEG | F11: =SUMIFS(期初庫存!F:F,期初庫存!C:C,C11)+SUMIFS(採購入庫!H:H,採購入庫!D:D,C11)-SUMIFS(借出!H:H,借出!D:D,C11)-SUMIFS(每日用粉紀錄表!G:G,每日用粉紀錄表!C:C,C11)+SUMIFS(歸還!H:H,歸還!D:D,C11)+SUMIFS(每日用粉紀錄表!I:I,每日用粉紀錄表!C:C,C11) -> 5 | G11: =SUMIFS(期初庫存!G:G,期初庫存!C:C,C11)+SUMIFS(採購入庫!G:G,採購入庫!D:D,C11)-SUMIFS(每日用粉紀錄表!F:F,每日用粉紀錄表!C:C,C11)-SUMIFS(借出!G:G,借出!D:D,C11)+SUMIFS(歸還!G:G,歸還!D:D,C11) -> 5 | H11: 1 | I11: =IF(H11>G11,"採購","否") -> 否 | J11: =IFERROR($G11*25+$F11,"-") -> 130
B12: =MAX($B$3:B11)+1 -> 9 | C12: =IF(烤漆色號編碼!A10="","-",烤漆色號編碼!A10) -> 4950-502 | D12: =IF(烤漆色號編碼!C10="","-",烤漆色號編碼!C10) -> 黑平光 | E12: =IF(烤漆色號編碼!B10="","-",烤漆色號編碼!B10) -> BK | F12: =SUMIFS(期初庫存!F:F,期初庫存!C:C,C12)+SUMIFS(採購入庫!H:H,採購入庫!D:D,C12)-SUMIFS(借出!H:H,借出!D:D,C12)-SUMIFS(每日用粉紀錄表!G:G,每日用粉紀錄表!C:C,C12)+SUMIFS(歸還!H:H,歸還!D:D,C12)+SUMIFS(每日用粉紀錄表!I:I,每日用粉紀錄表!C:C,C12) -> 11 | G12: =SUMIFS(期初庫存!G:G,期初庫存!C:C,C12)+SUMIFS(採購入庫!G:G,採購入庫!D:D,C12)-SUMIFS(每日用粉紀錄表!F:F,每日用粉紀錄表!C:C,C12)-SUMIFS(借出!G:G,借出!D:D,C12)+SUMIFS(歸還!G:G,歸還!D:D,C12) -> 4 | H12: 1 | I12: =IF(H12>G12,"採購","否") -> 否 | J12: =IFERROR($G12*25+$F12,"-") -> 111
B13: =MAX($B$3:B12)+1 -> 10 | C13: =IF(烤漆色號編碼!A11="","-",烤漆色號編碼!A11) -> EN-402T | D13: =IF(烤漆色號編碼!C11="","-",烤漆色號編碼!C11) -> 黑錘紋 | E13: =IF(烤漆色號編碼!B11="","-",烤漆色號編碼!B11) -> BKH | F13: =SUMIFS(期初庫存!F:F,期初庫存!C:C,C13)+SUMIFS(採購入庫!H:H,採購入庫!D:D,C13)-SUMIFS(借出!H:H,借出!D:D,C13)-SUMIFS(每日用粉紀錄表!G:G,每日用粉紀錄表!C:C,C13)+SUMIFS(歸還!H:H,歸還!D:D,C13)+SUMIFS(每日用粉紀錄表!I:I,每日用粉紀錄表!C:C,C13) -> 36 | G13: =SUMIFS(期初庫存!G:G,期初庫存!C:C,C13)+SUMIFS(採購入庫!G:G,採購入庫!D:D,C13)-SUMIFS(每日用粉紀錄表!F:F,每日用粉紀錄表!C:C,C13)-SUMIFS(借出!G:G,借出!D:D,C13)+SUMIFS(歸還!G:G,歸還!D:D,C13) -> 0 | H13: 1 | I13: =IF(H13>G13,"採購","否") -> 採購 | J13: =IFERROR($G13*25+$F13,"-") -> 36
B14: =MAX($B$3:B13)+1 -> 11 | C14: =IF(烤漆色號編碼!A12="","-",烤漆色號編碼!A12) -> K-91097G | D14: =IF(烤漆色號編碼!C12="","-",烤漆色號編碼!C12) -> 新黑砂 | E14: =IF(烤漆色號編碼!B12="","-",烤漆色號編碼!B12) -> BKS1 | F14: =SUMIFS(期初庫存!F:F,期初庫存!C:C,C14)+SUMIFS(採購入庫!H:H,採購入庫!D:D,C14)-SUMIFS(借出!H:H,借出!D:D,C14)-SUMIFS(每日用粉紀錄表!G:G,每日用粉紀錄表!C:C,C14)+SUMIFS(歸還!H:H,歸還!D:D,C14)+SUMIFS(每日用粉紀錄表!I:I,每日用粉紀錄表!C:C,C14) -> 3 | G14: =SUMIFS(期初庫存!G:G,期初庫存!C:C,C14)+SUMIFS(採購入庫!G:G,採購入庫!D:D,C14)-SUMIFS(每日用粉紀錄表!F:F,每日用粉紀錄表!C:C,C14)-SUMIFS(借出!G:G,借出!D:D,C14)+SUMIFS(歸還!G:G,歸還!D:D,C14) -> 17 | H14: 8 | I14: =IF(H14>G14,"採購","否") -> 否 | J14: =IFERROR($G14*25+$F14,"-") -> 428
B15: =MAX($B$3:B14)+1 -> 12 | C15: =IF(烤漆色號編碼!A13="","-",烤漆色號編碼!A13) -> 780-45510H | D15: =IF(烤漆色號編碼!C13="","-",烤漆色號編碼!C13) -> 黑砂 | E15: =IF(烤漆色號編碼!B13="","-",烤漆色號編碼!B13) -> 換粉 | F15: =SUMIFS(期初庫存!F:F,期初庫存!C:C,C15)+SUMIFS(採購入庫!H:H,採購入庫!D:D,C15)-SUMIFS(借出!H:H,借出!D:D,C15)-SUMIFS(每日用粉紀錄表!G:G,每日用粉紀錄表!C:C,C15)+SUMIFS(歸還!H:H,歸還!D:D,C15)+SUMIFS(每日用粉紀錄表!I:I,每日用粉紀錄表!C:C,C15) -> 0 | G15: =SUMIFS(期初庫存!G:G,期初庫存!C:C,C15)+SUMIFS(採購入庫!G:G,採購入庫!D:D,C15)-SUMIFS(每日用粉紀錄表!F:F,每日用粉紀錄表!C:C,C15)-SUMIFS(借出!G:G,借出!D:D,C15)+SUMIFS(歸還!G:G,歸還!D:D,C15) -> 0 | I15: =IF(H15>G15,"採購","否") -> 否 | J15: =IFERROR($G15*25+$F15,"-") -> 0
B16: =MAX($B$3:B15)+1 -> 13 | C16: =IF(烤漆色號編碼!A14="","-",烤漆色號編碼!A14) -> 4605-505 | D16: =IF(烤漆色號編碼!C14="","-",烤漆色號編碼!C14) -> 消光黑 | E16: =IF(烤漆色號編碼!B14="","-",烤漆色號編碼!B14) -> EBK | F16: =SUMIFS(期初庫存!F:F,期初庫存!C:C,C16)+SUMIFS(採購入庫!H:H,採購入庫!D:D,C16)-SUMIFS(借出!H:H,借出!D:D,C16)-SUMIFS(每日用粉紀錄表!G:G,每日用粉紀錄表!C:C,C16)+SUMIFS(歸還!H:H,歸還!D:D,C16)+SUMIFS(每日用粉紀錄表!I:I,每日用粉紀錄表!C:C,C16) -> 26 | G16: =SUMIFS(期初庫存!G:G,期初庫存!C:C,C16)+SUMIFS(採購入庫!G:G,採購入庫!D:D,C16)-SUMIFS(每日用粉紀錄表!F:F,每日用粉紀錄表!C:C,C16)-SUMIFS(借出!G:G,借出!D:D,C16)+SUMIFS(歸還!G:G,歸還!D:D,C16) -> 3 | H16: 1 | I16: =IF(H16>G16,"採購","否") -> 否 | J16: =IFERROR($G16*25+$F16,"-") -> 101
B17: =MAX($B$3:B16)+1 -> 14 | C17: =IF(烤漆色號編碼!A15="","-",烤漆色號編碼!A15) -> O-9850GSNB | D17: =IF(烤漆色號編碼!C15="","-",烤漆色號編碼!C15) -> 黑砂閃銀 | E17: =IF(烤漆色號編碼!B15="","-",烤漆色號編碼!B15) -> BKSA | F17: =SUMIFS(期初庫存!F:F,期初庫存!C:C,C17)+SUMIFS(採購入庫!H:H,採購入庫!D:D,C17)-SUMIFS(借出!H:H,借出!D:D,C17)-SUMIFS(每日用粉紀錄表!G:G,每日用粉紀錄表!C:C,C17)+SUMIFS(歸還!H:H,歸還!D:D,C17)+SUMIFS(每日用粉紀錄表!I:I,每日用粉紀錄表!C:C,C17) -> 65 | G17: =SUMIFS(期初庫存!G:G,期初庫存!C:C,C17)+SUMIFS(採購入庫!G:G,採購入庫!D:D,C17)-SUMIFS(每日用粉紀錄表!F:F,每日用粉紀錄表!C:C,C17)-SUMIFS(借出!G:G,借出!D:D,C17)+SUMIFS(歸還!G:G,歸還!D:D,C17) -> 1 | H17: 1 | I17: =IF(H17>G17,"採購","否") -> 否 | J17: =IFERROR($G17*25+$F17,"-") -> 90
B18: =MAX($B$3:B17)+1 -> 15 | C18: =IF(烤漆色號編碼!A16="","-",烤漆色號編碼!A16) -> K-9287S | D18: =IF(烤漆色號編碼!C16="","-",烤漆色號編碼!C16) -> 黑閃銀 | E18: =IF(烤漆色號編碼!B16="","-",烤漆色號編碼!B16) -> BKSA1 | F18: =SUMIFS(期初庫存!F:F,期初庫存!C:C,C18)+SUMIFS(採購入庫!H:H,採購入庫!D:D,C18)-SUMIFS(借出!H:H,借出!D:D,C18)-SUMIFS(每日用粉紀錄表!G:G,每日用粉紀錄表!C:C,C18)+SUMIFS(歸還!H:H,歸還!D:D,C18)+SUMIFS(每日用粉紀錄表!I:I,每日用粉紀錄表!C:C,C18) -> 8 | G18: =SUMIFS(期初庫存!G:G,期初庫存!C:C,C18)+SUMIFS(採購入庫!G:G,採購入庫!D:D,C18)-SUMIFS(每日用粉紀錄表!F:F,每日用粉紀錄表!C:C,C18)-SUMIFS(借出!G:G,借出!D:D,C18)+SUMIFS(歸還!G:G,歸還!D:D,C18) -> 2 | H18: 1 | I18: =IF(H18>G18,"採購","否") -> 否 | J18: =IFERROR($G18*25+$F18,"-") -> 58
B19: =MAX($B$3:B18)+1 -> 16 | C19: =IF(烤漆色號編碼!A17="","-",烤漆色號編碼!A17) -> EL-0365T | D19: =IF(烤漆色號編碼!C17="","-",烤漆色號編碼!C17) -> 鐵灰砂 | E19: =IF(烤漆色號編碼!B17="","-",烤漆色號編碼!B17) -> IGS | F19: =SUMIFS(期初庫存!F:F,期初庫存!C:C,C19)+SUMIFS(採購入庫!H:H,採購入庫!D:D,C19)-SUMIFS(借出!H:H,借出!D:D,C19)-SUMIFS(每日用粉紀錄表!G:G,每日用粉紀錄表!C:C,C19)+SUMIFS(歸還!H:H,歸還!D:D,C19)+SUMIFS(每日用粉紀錄表!I:I,每日用粉紀錄表!C:C,C19) -> 22 | G19: =SUMIFS(期初庫存!G:G,期初庫存!C:C,C19)+SUMIFS(採購入庫!G:G,採購入庫!D:D,C19)-SUMIFS(每日用粉紀錄表!F:F,每日用粉紀錄表!C:C,C19)-SUMIFS(借出!G:G,借出!D:D,C19)+SUMIFS(歸還!G:G,歸還!D:D,C19) -> 2 | H19: 6 | I19: =IF(H19>G19,"採購","否") -> 採購 | J19: =IFERROR($G19*25+$F19,"-") -> 72
B20: =MAX($B$3:B19)+1 -> 17 | C20: =IF(烤漆色號編碼!A18="","-",烤漆色號編碼!A18) -> O-22170G | D20: =IF(烤漆色號編碼!C18="","-",烤漆色號編碼!C18) -> 深灰砂 | E20: =IF(烤漆色號編碼!B18="","-",烤漆色號編碼!B18) -> DGS | F20: =SUMIFS(期初庫存!F:F,期初庫存!C:C,C20)+SUMIFS(採購入庫!H:H,採購入庫!D:D,C20)-SUMIFS(借出!H:H,借出!D:D,C20)-SUMIFS(每日用粉紀錄表!G:G,每日用粉紀錄表!C:C,C20)+SUMIFS(歸還!H:H,歸還!D:D,C20)+SUMIFS(每日用粉紀錄表!I:I,每日用粉紀錄表!C:C,C20) -> 17 | G20: =SUMIFS(期初庫存!G:G,期初庫存!C:C,C20)+SUMIFS(採購入庫!G:G,採購入庫!D:D,C20)-SUMIFS(每日用粉紀錄表!F:F,每日用粉紀錄表!C:C,C20)-SUMIFS(借出!G:G,借出!D:D,C20)+SUMIFS(歸還!G:G,歸還!D:D,C20) -> 8 | H20: 6 | I20: =IF(H20>G20,"採購","否") -> 否 | J20: =IFERROR($G20*25+$F20,"-") -> 217
B21: =MAX($B$3:B20)+1 -> 18 | C21: =IF(烤漆色號編碼!A19="","-",烤漆色號編碼!A19) -> O-200SB | D21: =IF(烤漆色號編碼!C19="","-",烤漆色號編碼!C19) -> 閃銀 | E21: =IF(烤漆色號編碼!B19="","-",烤漆色號編碼!B19) -> 無粉 | F21: =SUMIFS(期初庫存!F:F,期初庫存!C:C,C21)+SUMIFS(採購入庫!H:H,採購入庫!D:D,C21)-SUMIFS(借出!H:H,借出!D:D,C21)-SUMIFS(每日用粉紀錄表!G:G,每日用粉紀錄表!C:C,C21)+SUMIFS(歸還!H:H,歸還!D:D,C21)+SUMIFS(每日用粉紀錄表!I:I,每日用粉紀錄表!C:C,C21) -> 0 | G21: =SUMIFS(期初庫存!G:G,期初庫存!C:C,C21)+SUMIFS(採購入庫!G:G,採購入庫!D:D,C21)-SUMIFS(每日用粉紀錄表!F:F,每日用粉紀錄表!C:C,C21)-SUMIFS(借出!G:G,借出!D:D,C21)+SUMIFS(歸還!G:G,歸還!D:D,C21) -> 0 | I21: =IF(H21>G21,"採購","否") -> 否 | J21: =IFERROR($G21*25+$F21,"-") -> 0
B22: =MAX($B$3:B21)+1 -> 19 | C22: =IF(烤漆色號編碼!A20="","-",烤漆色號編碼!A20) -> K-5257CSB | D22: =IF(烤漆色號編碼!C20="","-",烤漆色號編碼!C20) -> 新閃銀 | E22: =IF(烤漆色號編碼!B20="","-",烤漆色號編碼!B20) -> 換粉 | F22: =SUMIFS(期初庫存!F:F,期初庫存!C:C,C22)+SUMIFS(採購入庫!H:H,採購入庫!D:D,C22)-SUMIFS(借出!H:H,借出!D:D,C22)-SUMIFS(每日用粉紀錄表!G:G,每日用粉紀錄表!C:C,C22)+SUMIFS(歸還!H:H,歸還!D:D,C22)+SUMIFS(每日用粉紀錄表!I:I,每日用粉紀錄表!C:C,C22) -> 44 | G22: =SUMIFS(期初庫存!G:G,期初庫存!C:C,C22)+SUMIFS(採購入庫!G:G,採購入庫!D:D,C22)-SUMIFS(每日用粉紀錄表!F:F,每日用粉紀錄表!C:C,C22)-SUMIFS(借出!G:G,借出!D:D,C22)+SUMIFS(歸還!G:G,歸還!D:D,C22) -> 2 | I22: =IF(H22>G22,"採購","否") -> 否 | J22: =IFERROR($G22*25+$F22,"-") -> 94
B23: =MAX($B$3:B22)+1 -> 20 | C23: =IF(烤漆色號編碼!A21="","-",烤漆色號編碼!A21) -> K-4654 | D23: =IF(烤漆色號編碼!C21="","-",烤漆色號編碼!C21) -> 紫色 | E23: =IF(烤漆色號編碼!B21="","-",烤漆色號編碼!B21) -> PEL | F23: =SUMIFS(期初庫存!F:F,期初庫存!C:C,C23)+SUMIFS(採購入庫!H:H,採購入庫!D:D,C23)-SUMIFS(借出!H:H,借出!D:D,C23)-SUMIFS(每日用粉紀錄表!G:G,每日用粉紀錄表!C:C,C23)+SUMIFS(歸還!H:H,歸還!D:D,C23)+SUMIFS(每日用粉紀錄表!I:I,每日用粉紀錄表!C:C,C23) -> 34 | G23: =SUMIFS(期初庫存!G:G,期初庫存!C:C,C23)+SUMIFS(採購入庫!G:G,採購入庫!D:D,C23)-SUMIFS(每日用粉紀錄表!F:F,每日用粉紀錄表!C:C,C23)-SUMIFS(借出!G:G,借出!D:D,C23)+SUMIFS(歸還!G:G,歸還!D:D,C23) -> 2 | H23: 1 | I23: =IF(H23>G23,"採購","否") -> 否 | J23: =IFERROR($G23*25+$F23,"-") -> 84
B24: =MAX($B$3:B23)+1 -> 21 | C24: =IF(烤漆色號編碼!A22="","-",烤漆色號編碼!A22) -> 780-9B65 | D24: =IF(烤漆色號編碼!C22="","-",烤漆色號編碼!C22) -> 銀灰 | E24: =IF(烤漆色號編碼!B22="","-",烤漆色號編碼!B22) -> ATG | F24: =SUMIFS(期初庫存!F:F,期初庫存!C:C,C24)+SUMIFS(採購入庫!H:H,採購入庫!D:D,C24)-SUMIFS(借出!H:H,借出!D:D,C24)-SUMIFS(每日用粉紀錄表!G:G,每日用粉紀錄表!C:C,C24)+SUMIFS(歸還!H:H,歸還!D:D,C24)+SUMIFS(每日用粉紀錄表!I:I,每日用粉紀錄表!C:C,C24) -> 20 | G24: =SUMIFS(期初庫存!G:G,期初庫存!C:C,C24)+SUMIFS(採購入庫!G:G,採購入庫!D:D,C24)-SUMIFS(每日用粉紀錄表!F:F,每日用粉紀錄表!C:C,C24)-SUMIFS(借出!G:G,借出!D:D,C24)+SUMIFS(歸還!G:G,歸還!D:D,C24) -> 3 | H24: 1 | I24: =IF(H24>G24,"採購","否") -> 否 | J24: =IFERROR($G24*25+$F24,"-") -> 95
B25: =MAX($B$3:B24)+1 -> 22 | C25: =IF(烤漆色號編碼!A23="","-",烤漆色號編碼!A23) -> 780-9Q70 | D25: =IF(烤漆色號編碼!C23="","-",烤漆色號編碼!C23) -> 銀灰 | E25: =IF(烤漆色號編碼!B23="","-",烤漆色號編碼!B23) -> ATG | F25: =SUMIFS(期初庫存!F:F,期初庫存!C:C,C25)+SUMIFS(採購入庫!H:H,採購入庫!D:D,C25)-SUMIFS(借出!H:H,借出!D:D,C25)-SUMIFS(每日用粉紀錄表!G:G,每日用粉紀錄表!C:C,C25)+SUMIFS(歸還!H:H,歸還!D:D,C25)+SUMIFS(每日用粉紀錄表!I:I,每日用粉紀錄表!C:C,C25) -> 0 | G25: =SUMIFS(期初庫存!G:G,期初庫存!C:C,C25)+SUMIFS(採購入庫!G:G,採購入庫!D:D,C25)-SUMIFS(每日用粉紀錄表!F:F,每日用粉紀錄表!C:C,C25)-SUMIFS(借出!G:G,借出!D:D,C25)+SUMIFS(歸還!G:G,歸還!D:D,C25) -> 0 | I25: =IF(H25>G25,"採購","否") -> 否 | J25: =IFERROR($G25*25+$F25,"-") -> 0
B26: =MAX($B$3:B25)+1 -> 23 | C26: =IF(烤漆色號編碼!A24="","-",烤漆色號編碼!A24) -> 780-6902 | D26: =IF(烤漆色號編碼!C24="","-",烤漆色號編碼!C24) -> 綠色 | E26: =IF(烤漆色號編碼!B24="","-",烤漆色號編碼!B24) -> GN | F26: =SUMIFS(期初庫存!F:F,期初庫存!C:C,C26)+SUMIFS(採購入庫!H:H,採購入庫!D:D,C26)-SUMIFS(借出!H:H,借出!D:D,C26)-SUMIFS(每日用粉紀錄表!G:G,每日用粉紀錄表!C:C,C26)+SUMIFS(歸還!H:H,歸還!D:D,C26)+SUMIFS(每日用粉紀錄表!I:I,每日用粉紀錄表!C:C,C26) -> 12 | G26: =SUMIFS(期初庫存!G:G,期初庫存!C:C,C26)+SUMIFS(採購入庫!G:G,採購入庫!D:D,C26)-SUMIFS(每日用粉紀錄表!F:F,每日用粉紀錄表!C:C,C26)-SUMIFS(借出!G:G,借出!D:D,C26)+SUMIFS(歸還!G:G,歸還!D:D,C26) -> 2 | H26: 1 | I26: =IF(H26>G26,"採購","否") -> 否 | J26: =IFERROR($G26*25+$F26,"-") -> 62
B27: =MAX($B$3:B26)+1 -> 24 | C27: =IF(烤漆色號編碼!A25="","-",烤漆色號編碼!A25) -> A-10067 | D27: =IF(烤漆色號編碼!C25="","-",烤漆色號編碼!C25) -> 橘色 | E27: =IF(烤漆色號編碼!B25="","-",烤漆色號編碼!B25) -> OE | F27: =SUMIFS(期初庫存!F:F,期初庫存!C:C,C27)+SUMIFS(採購入庫!H:H,採購入庫!D:D,C27)-SUMIFS(借出!H:H,借出!D:D,C27)-SUMIFS(每日用粉紀錄表!G:G,每日用粉紀錄表!C:C,C27)+SUMIFS(歸還!H:H,歸還!D:D,C27)+SUMIFS(每日用粉紀錄表!I:I,每日用粉紀錄表!C:C,C27) -> 71 | G27: =SUMIFS(期初庫存!G:G,期初庫存!C:C,C27)+SUMIFS(採購入庫!G:G,採購入庫!D:D,C27)-SUMIFS(每日用粉紀錄表!F:F,每日用粉紀錄表!C:C,C27)-SUMIFS(借出!G:G,借出!D:D,C27)+SUMIFS(歸還!G:G,歸還!D:D,C27) -> 1 | H27: 1 | I27: =IF(H27>G27,"採購","否") -> 否 | J27: =IFERROR($G27*25+$F27,"-") -> 96
B28: =MAX($B$3:B27)+1 -> 25 | C28: =IF(烤漆色號編碼!A26="","-",烤漆色號編碼!A26) -> 4605-702A | D28: =IF(烤漆色號編碼!C26="","-",烤漆色號編碼!C26) -> 鐵灰 | E28: =IF(烤漆色號編碼!B26="","-",烤漆色號編碼!B26) -> IG | F28: =SUMIFS(期初庫存!F:F,期初庫存!C:C,C28)+SUMIFS(採購入庫!H:H,採購入庫!D:D,C28)-SUMIFS(借出!H:H,借出!D:D,C28)-SUMIFS(每日用粉紀錄表!G:G,每日用粉紀錄表!C:C,C28)+SUMIFS(歸還!H:H,歸還!D:D,C28)+SUMIFS(每日用粉紀錄表!I:I,每日用粉紀錄表!C:C,C28) -> 12 | G28: =SUMIFS(期初庫存!G:G,期初庫存!C:C,C28)+SUMIFS(採購入庫!G:G,採購入庫!D:D,C28)-SUMIFS(每日用粉紀錄表!F:F,每日用粉紀錄表!C:C,C28)-SUMIFS(借出!G:G,借出!D:D,C28)+SUMIFS(歸還!G:G,歸還!D:D,C28) -> 0 | H28: 1 | I28: =IF(H28>G28,"採購","否") -> 採購 | J28: =IFERROR($G28*25+$F28,"-") -> 12
B29: =MAX($B$3:B28)+1 -> 26 | C29: =IF(烤漆色號編碼!A27="","-",烤漆色號編碼!A27) -> 4900-246 | D29: =IF(烤漆色號編碼!C27="","-",烤漆色號編碼!C27) -> 鵝黃色 | E29: =IF(烤漆色號編碼!B27="","-",烤漆色號編碼!B27) -> GYW | F29: =SUMIFS(期初庫存!F:F,期初庫存!C:C,C29)+SUMIFS(採購入庫!H:H,採購入庫!D:D,C29)-SUMIFS(借出!H:H,借出!D:D,C29)-SUMIFS(每日用粉紀錄表!G:G,每日用粉紀錄表!C:C,C29)+SUMIFS(歸還!H:H,歸還!D:D,C29)+SUMIFS(每日用粉紀錄表!I:I,每日用粉紀錄表!C:C,C29) -> 22 | G29: =SUMIFS(期初庫存!G:G,期初庫存!C:C,C29)+SUMIFS(採購入庫!G:G,採購入庫!D:D,C29)-SUMIFS(每日用粉紀錄表!F:F,每日用粉紀錄表!C:C,C29)-SUMIFS(借出!G:G,借出!D:D,C29)+SUMIFS(歸還!G:G,歸還!D:D,C29) -> 0 | H29: 1 | I29: =IF(H29>G29,"採購","否") -> 採購 | J29: =IFERROR($G29*25+$F29,"-") -> 22
B30: =MAX($B$3:B29)+1 -> 27 | C30: =IF(烤漆色號編碼!A28="","-",烤漆色號編碼!A28) -> 4900-149 | D30: =IF(烤漆色號編碼!C28="","-",烤漆色號編碼!C28) -> 粉紅色 | E30: =IF(烤漆色號編碼!B28="","-",烤漆色號編碼!B28) -> PK | F30: =SUMIFS(期初庫存!F:F,期初庫存!C:C,C30)+SUMIFS(採購入庫!H:H,採購入庫!D:D,C30)-SUMIFS(借出!H:H,借出!D:D,C30)-SUMIFS(每日用粉紀錄表!G:G,每日用粉紀錄表!C:C,C30)+SUMIFS(歸還!H:H,歸還!D:D,C30)+SUMIFS(每日用粉紀錄表!I:I,每日用粉紀錄表!C:C,C30) -> 4 | G30: =SUMIFS(期初庫存!G:G,期初庫存!C:C,C30)+SUMIFS(採購入庫!G:G,採購入庫!D:D,C30)-SUMIFS(每日用粉紀錄表!F:F,每日用粉紀錄表!C:C,C30)-SUMIFS(借出!G:G,借出!D:D,C30)+SUMIFS(歸還!G:G,歸還!D:D,C30) -> 2 | H30: 1 | I30: =IF(H30>G30,"採購","否") -> 否 | J30: =IFERROR($G30*25+$F30,"-") -> 54
B31: =MAX($B$3:B30)+1 -> 28 | C31: =IF(烤漆色號編碼!A29="","-",烤漆色號編碼!A29) -> K-5510SCB | D31: =IF(烤漆色號編碼!C29="","-",烤漆色號編碼!C29) -> 黃金閃銀 | E31: =IF(烤漆色號編碼!B29="","-",烤漆色號編碼!B29) -> GSAT | F31: =SUMIFS(期初庫存!F:F,期初庫存!C:C,C31)+SUMIFS(採購入庫!H:H,採購入庫!D:D,C31)-SUMIFS(借出!H:H,借出!D:D,C31)-SUMIFS(每日用粉紀錄表!G:G,每日用粉紀錄表!C:C,C31)+SUMIFS(歸還!H:H,歸還!D:D,C31)+SUMIFS(每日用粉紀錄表!I:I,每日用粉紀錄表!C:C,C31) -> 9 | G31: =SUMIFS(期初庫存!G:G,期初庫存!C:C,C31)+SUMIFS(採購入庫!G:G,採購入庫!D:D,C31)-SUMIFS(每日用粉紀錄表!F:F,每日用粉紀錄表!C:C,C31)-SUMIFS(借出!G:G,借出!D:D,C31)+SUMIFS(歸還!G:G,歸還!D:D,C31) -> 0 | H31: 1 | I31: =IF(H31>G31,"採購","否") -> 採購 | J31: =IFERROR($G31*25+$F31,"-") -> 9
B32: =MAX($B$3:B31)+1 -> 29 | C32: =IF(烤漆色號編碼!A30="","-",烤漆色號編碼!A30) -> O-5337H | D32: =IF(烤漆色號編碼!C30="","-",烤漆色號編碼!C30) -> 黃錘紋 | E32: =IF(烤漆色號編碼!B30="","-",烤漆色號編碼!B30) -> YWH | F32: =SUMIFS(期初庫存!F:F,期初庫存!C:C,C32)+SUMIFS(採購入庫!H:H,採購入庫!D:D,C32)-SUMIFS(借出!H:H,借出!D:D,C32)-SUMIFS(每日用粉紀錄表!G:G,每日用粉紀錄表!C:C,C32)+SUMIFS(歸還!H:H,歸還!D:D,C32)+SUMIFS(每日用粉紀錄表!I:I,每日用粉紀錄表!C:C,C32) -> 0 | G32: =SUMIFS(期初庫存!G:G,期初庫存!C:C,C32)+SUMIFS(採購入庫!G:G,採購入庫!D:D,C32)-SUMIFS(每日用粉紀錄表!F:F,每日用粉紀錄表!C:C,C32)-SUMIFS(借出!G:G,借出!D:D,C32)+SUMIFS(歸還!G:G,歸還!D:D,C32) -> 0 | H32: 1 | I32: =IF(H32>G32,"採購","否") -> 採購 | J32: =IFERROR($G32*25+$F32,"-") -> 0
B33: =MAX($B$3:B32)+1 -> 30 | C33: =IF(烤漆色號編碼!A31="","-",烤漆色號編碼!A31) -> E-BY112 | D33: =IF(烤漆色號編碼!C31="","-",烤漆色號編碼!C31) -> 灰色 | E33: =IF(烤漆色號編碼!B31="","-",烤漆色號編碼!B31) -> ATG | F33: =SUMIFS(期初庫存!F:F,期初庫存!C:C,C33)+SUMIFS(採購入庫!H:H,採購入庫!D:D,C33)-SUMIFS(借出!H:H,借出!D:D,C33)-SUMIFS(每日用粉紀錄表!G:G,每日用粉紀錄表!C:C,C33)+SUMIFS(歸還!H:H,歸還!D:D,C33)+SUMIFS(每日用粉紀錄表!I:I,每日用粉紀錄表!C:C,C33) -> 0 | G33: =SUMIFS(期初庫存!G:G,期初庫存!C:C,C33)+SUMIFS(採購入庫!G:G,採購入庫!D:D,C33)-SUMIFS(每日用粉紀錄表!F:F,每日用粉紀錄表!C:C,C33)-SUMIFS(借出!G:G,借出!D:D,C33)+SUMIFS(歸還!G:G,歸還!D:D,C33) -> 0 | H33: 1 | I33: =IF(H33>G33,"採購","否") -> 採購 | J33: =IFERROR($G33*25+$F33,"-") -> 0
B34: =MAX($B$3:B33)+1 -> 31 | C34: =IF(烤漆色號編碼!A32="","-",烤漆色號編碼!A32) -> BP-133S | D34: =IF(烤漆色號編碼!C32="","-",烤漆色號編碼!C32) -> 閃銀 | E34: =IF(烤漆色號編碼!B32="","-",烤漆色號編碼!B32) -> SAT2 | F34: =SUMIFS(期初庫存!F:F,期初庫存!C:C,C34)+SUMIFS(採購入庫!H:H,採購入庫!D:D,C34)-SUMIFS(借出!H:H,借出!D:D,C34)-SUMIFS(每日用粉紀錄表!G:G,每日用粉紀錄表!C:C,C34)+SUMIFS(歸還!H:H,歸還!D:D,C34)+SUMIFS(每日用粉紀錄表!I:I,每日用粉紀錄表!C:C,C34) -> 9 | G34: =SUMIFS(期初庫存!G:G,期初庫存!C:C,C34)+SUMIFS(採購入庫!G:G,採購入庫!D:D,C34)-SUMIFS(每日用粉紀錄表!F:F,每日用粉紀錄表!C:C,C34)-SUMIFS(借出!G:G,借出!D:D,C34)+SUMIFS(歸還!G:G,歸還!D:D,C34) -> 4 | H34: 1 | I34: =IF(H34>G34,"採購","否") -> 否 | J34: =IFERROR($G34*20+$F34,"-") -> 89
B35: =MAX($B$3:B34)+1 -> 32 | C35: =IF(烤漆色號編碼!A33="","-",烤漆色號編碼!A33) -> PC-20537Y | D35: =IF(烤漆色號編碼!C33="","-",烤漆色號編碼!C33) -> 灰平光 | E35: =IF(烤漆色號編碼!B33="","-",烤漆色號編碼!B33) -> ATG | F35: =SUMIFS(期初庫存!F:F,期初庫存!C:C,C35)+SUMIFS(採購入庫!H:H,採購入庫!D:D,C35)-SUMIFS(借出!H:H,借出!D:D,C35)-SUMIFS(每日用粉紀錄表!G:G,每日用粉紀錄表!C:C,C35)+SUMIFS(歸還!H:H,歸還!D:D,C35)+SUMIFS(每日用粉紀錄表!I:I,每日用粉紀錄表!C:C,C35) -> 6 | G35: =SUMIFS(期初庫存!G:G,期初庫存!C:C,C35)+SUMIFS(採購入庫!G:G,採購入庫!D:D,C35)-SUMIFS(每日用粉紀錄表!F:F,每日用粉紀錄表!C:C,C35)-SUMIFS(借出!G:G,借出!D:D,C35)+SUMIFS(歸還!G:G,歸還!D:D,C35) -> 0 | I35: =IF(H35>G35,"採購","否") -> 否 | J35: =IFERROR($G35*25+$F35,"-") -> 6
B36: =MAX($B$3:B35)+1 -> 33 | C36: =IF(烤漆色號編碼!A34="","-",烤漆色號編碼!A34) -> 008/2H056 | D36: =IF(烤漆色號編碼!C34="","-",烤漆色號編碼!C34) -> 黃亮光 | E36: =IF(烤漆色號編碼!B34="","-",烤漆色號編碼!B34) -> YW1 | F36: =SUMIFS(期初庫存!F:F,期初庫存!C:C,C36)+SUMIFS(採購入庫!H:H,採購入庫!D:D,C36)-SUMIFS(借出!H:H,借出!D:D,C36)-SUMIFS(每日用粉紀錄表!G:G,每日用粉紀錄表!C:C,C36)+SUMIFS(歸還!H:H,歸還!D:D,C36)+SUMIFS(每日用粉紀錄表!I:I,每日用粉紀錄表!C:C,C36) -> 5 | G36: =SUMIFS(期初庫存!G:G,期初庫存!C:C,C36)+SUMIFS(採購入庫!G:G,採購入庫!D:D,C36)-SUMIFS(每日用粉紀錄表!F:F,每日用粉紀錄表!C:C,C36)-SUMIFS(借出!G:G,借出!D:D,C36)+SUMIFS(歸還!G:G,歸還!D:D,C36) -> 12 | H36: 1 | I36: =IF(H36>G36,"採購","否") -> 否 | J36: =IFERROR($G36*25+$F36,"-") -> 305
B37: =MAX($B$3:B36)+1 -> 34 | C37: =IF(烤漆色號編碼!A35="","-",烤漆色號編碼!A35) -> 008/1H174 | D37: =IF(烤漆色號編碼!C35="","-",烤漆色號編碼!C35) -> 白亮光 | E37: =IF(烤漆色號編碼!B35="","-",烤漆色號編碼!B35) -> WE2 | F37: =SUMIFS(期初庫存!F:F,期初庫存!C:C,C37)+SUMIFS(採購入庫!H:H,採購入庫!D:D,C37)-SUMIFS(借出!H:H,借出!D:D,C37)-SUMIFS(每日用粉紀錄表!G:G,每日用粉紀錄表!C:C,C37)+SUMIFS(歸還!H:H,歸還!D:D,C37)+SUMIFS(每日用粉紀錄表!I:I,每日用粉紀錄表!C:C,C37) -> 14 | G37: =SUMIFS(期初庫存!G:G,期初庫存!C:C,C37)+SUMIFS(採購入庫!G:G,採購入庫!D:D,C37)-SUMIFS(每日用粉紀錄表!F:F,每日用粉紀錄表!C:C,C37)-SUMIFS(借出!G:G,借出!D:D,C37)+SUMIFS(歸還!G:G,歸還!D:D,C37) -> 26 | H37: 6 | I37: =IF(H37>G37,"採購","否") -> 否 | J37: =IFERROR($G37*25+$F37,"-") -> 664
B38: =MAX($B$3:B37)+1 -> 35 | C38: =IF(烤漆色號編碼!A36="","-",烤漆色號編碼!A36) -> O-58057 | D38: =IF(烤漆色號編碼!C36="","-",烤漆色號編碼!C36) -> 橘色 | E38: =IF(烤漆色號編碼!B36="","-",烤漆色號編碼!B36) -> OE1 | F38: =SUMIFS(期初庫存!F:F,期初庫存!C:C,C38)+SUMIFS(採購入庫!H:H,採購入庫!D:D,C38)-SUMIFS(借出!H:H,借出!D:D,C38)-SUMIFS(每日用粉紀錄表!G:G,每日用粉紀錄表!C:C,C38)+SUMIFS(歸還!H:H,歸還!D:D,C38)+SUMIFS(每日用粉紀錄表!I:I,每日用粉紀錄表!C:C,C38) -> 12 | G38: =SUMIFS(期初庫存!G:G,期初庫存!C:C,C38)+SUMIFS(採購入庫!G:G,採購入庫!D:D,C38)-SUMIFS(每日用粉紀錄表!F:F,每日用粉紀錄表!C:C,C38)-SUMIFS(借出!G:G,借出!D:D,C38)+SUMIFS(歸還!G:G,歸還!D:D,C38) -> 0 | I38: =IF(H38>G38,"採購","否") -> 否 | J38: =IFERROR($G38*25+$F38,"-") -> 12
B39: =MAX($B$3:B38)+1 -> 36 | C39: =IF(烤漆色號編碼!A37="","-",烤漆色號編碼!A37) -> K-7618 | D39: =IF(烤漆色號編碼!C37="","-",烤漆色號編碼!C37) -> 青綠色 | E39: =IF(烤漆色號編碼!B37="","-",烤漆色號編碼!B37) -> FGN | F39: =SUMIFS(期初庫存!F:F,期初庫存!C:C,C39)+SUMIFS(採購入庫!H:H,採購入庫!D:D,C39)-SUMIFS(借出!H:H,借出!D:D,C39)-SUMIFS(每日用粉紀錄表!G:G,每日用粉紀錄表!C:C,C39)+SUMIFS(歸還!H:H,歸還!D:D,C39)+SUMIFS(每日用粉紀錄表!I:I,每日用粉紀錄表!C:C,C39) -> 19 | G39: =SUMIFS(期初庫存!G:G,期初庫存!C:C,C39)+SUMIFS(採購入庫!G:G,採購入庫!D:D,C39)-SUMIFS(每日用粉紀錄表!F:F,每日用粉紀錄表!C:C,C39)-SUMIFS(借出!G:G,借出!D:D,C39)+SUMIFS(歸還!G:G,歸還!D:D,C39) -> 4 | H39: 1 | I39: =IF(H39>G39,"採購","否") -> 否 | J39: =IFERROR($G39*25+$F39,"-") -> 119
B40: =MAX($B$3:B39)+1 -> 37 | C40: =IF(烤漆色號編碼!A38="","-",烤漆色號編碼!A38) -> 008/35624 | D40: =IF(烤漆色號編碼!C38="","-",烤漆色號編碼!C38) -> 橘色 | E40: =IF(烤漆色號編碼!B38="","-",烤漆色號編碼!B38) -> OE2 | F40: =SUMIFS(期初庫存!F:F,期初庫存!C:C,C40)+SUMIFS(採購入庫!H:H,採購入庫!D:D,C40)-SUMIFS(借出!H:H,借出!D:D,C40)-SUMIFS(每日用粉紀錄表!G:G,每日用粉紀錄表!C:C,C40)+SUMIFS(歸還!H:H,歸還!D:D,C40)+SUMIFS(每日用粉紀錄表!I:I,每日用粉紀錄表!C:C,C40) -> 20 | G40: =SUMIFS(期初庫存!G:G,期初庫存!C:C,C40)+SUMIFS(採購入庫!G:G,採購入庫!D:D,C40)-SUMIFS(每日用粉紀錄表!F:F,每日用粉紀錄表!C:C,C40)-SUMIFS(借出!G:G,借出!D:D,C40)+SUMIFS(歸還!G:G,歸還!D:D,C40) -> 0 | H40: 1 | I40: =IF(H40>G40,"採購","否") -> 採購 | J40: =IFERROR($G40*25+$F40,"-") -> 20
B41: =MAX($B$3:B40)+1 -> 38 | C41: =IF(烤漆色號編碼!A39="","-",烤漆色號編碼!A39) -> 780-7847AT | D41: =IF(烤漆色號編碼!C39="","-",烤漆色號編碼!C39) -> 深藍 | E41: =IF(烤漆色號編碼!B39="","-",烤漆色號編碼!B39) -> DBE | F41: =SUMIFS(期初庫存!F:F,期初庫存!C:C,C41)+SUMIFS(採購入庫!H:H,採購入庫!D:D,C41)-SUMIFS(借出!H:H,借出!D:D,C41)-SUMIFS(每日用粉紀錄表!G:G,每日用粉紀錄表!C:C,C41)+SUMIFS(歸還!H:H,歸還!D:D,C41)+SUMIFS(每日用粉紀錄表!I:I,每日用粉紀錄表!C:C,C41) -> 0 | G41: =SUMIFS(期初庫存!G:G,期初庫存!C:C,C41)+SUMIFS(採購入庫!G:G,採購入庫!D:D,C41)-SUMIFS(每日用粉紀錄表!F:F,每日用粉紀錄表!C:C,C41)-SUMIFS(借出!G:G,借出!D:D,C41)+SUMIFS(歸還!G:G,歸還!D:D,C41) -> 0 | I41: =IF(H41>G41,"採購","否") -> 否 | J41: =IFERROR($G41*25+$F41,"-") -> 0
B42: =MAX($B$3:B41)+1 -> 39 | C42: =IF(烤漆色號編碼!A40="","-",烤漆色號編碼!A40) -> 07146D | D42: =IF(烤漆色號編碼!C40="","-",烤漆色號編碼!C40) -> 白色 | E42: =IF(烤漆色號編碼!B40="","-",烤漆色號編碼!B40) -> WE | F42: =SUMIFS(期初庫存!F:F,期初庫存!C:C,C42)+SUMIFS(採購入庫!H:H,採購入庫!D:D,C42)-SUMIFS(借出!H:H,借出!D:D,C42)-SUMIFS(每日用粉紀錄表!G:G,每日用粉紀錄表!C:C,C42)+SUMIFS(歸還!H:H,歸還!D:D,C42)+SUMIFS(每日用粉紀錄表!I:I,每日用粉紀錄表!C:C,C42) -> 36 | G42: =SUMIFS(期初庫存!G:G,期初庫存!C:C,C42)+SUMIFS(採購入庫!G:G,採購入庫!D:D,C42)-SUMIFS(每日用粉紀錄表!F:F,每日用粉紀錄表!C:C,C42)-SUMIFS(借出!G:G,借出!D:D,C42)+SUMIFS(歸還!G:G,歸還!D:D,C42) -> 5 | I42: =IF(H42>G42,"採購","否") -> 否 | J42: =IFERROR($G42*25+$F42,"-") -> 161
B43: =MAX($B$3:B42)+1 -> 40 | C43: - | D43: - | E43: =IF(烤漆色號編碼!B50="","-",烤漆色號編碼!B50) -> - | F43: =SUMIFS(期初庫存!F:F,期初庫存!C:C,C43)+SUMIFS(採購入庫!H:H,採購入庫!D:D,C43)-SUMIFS(借出!H:H,借出!D:D,C43)-SUMIFS(每日用粉紀錄表!G:G,每日用粉紀錄表!C:C,C43)+SUMIFS(歸還!H:H,歸還!D:D,C43)+SUMIFS(每日用粉紀錄表!I:I,每日用粉紀錄表!C:C,C43) -> 0 | G43: =SUMIFS(期初庫存!G:G,期初庫存!C:C,C43)+SUMIFS(採購入庫!G:G,採購入庫!D:D,C43)-SUMIFS(每日用粉紀錄表!F:F,每日用粉紀錄表!C:C,C43)-SUMIFS(借出!G:G,借出!D:D,C43)+SUMIFS(歸還!G:G,歸還!D:D,C43) -> 0 | I43: =IF(H43>G43,"採購","否") -> 否 | J43: =IFERROR($G43*25+$F43,"-") -> 0
B44: =MAX($B$3:B43)+1 -> 41 | C44: - | D44: - | E44: =IF(烤漆色號編碼!B51="","-",烤漆色號編碼!B51) -> - | F44: =SUMIFS(期初庫存!F:F,期初庫存!C:C,C44)+SUMIFS(採購入庫!H:H,採購入庫!D:D,C44)-SUMIFS(借出!H:H,借出!D:D,C44)-SUMIFS(每日用粉紀錄表!G:G,每日用粉紀錄表!C:C,C44)+SUMIFS(歸還!H:H,歸還!D:D,C44)+SUMIFS(每日用粉紀錄表!I:I,每日用粉紀錄表!C:C,C44) -> 0 | G44: =SUMIFS(期初庫存!G:G,期初庫存!C:C,C44)+SUMIFS(採購入庫!G:G,採購入庫!D:D,C44)-SUMIFS(每日用粉紀錄表!F:F,每日用粉紀錄表!C:C,C44)-SUMIFS(借出!G:G,借出!D:D,C44)+SUMIFS(歸還!G:G,歸還!D:D,C44) -> 0 | I44: =IF(H44>G44,"採購","否") -> 否 | J44: =IFERROR($G44*25+$F44,"-") -> 0
B45: =MAX($B$3:B44)+1 -> 42 | C45: - | D45: - | E45: =IF(烤漆色號編碼!B52="","-",烤漆色號編碼!B52) -> - | F45: =SUMIFS(期初庫存!F:F,期初庫存!C:C,C45)+SUMIFS(採購入庫!H:H,採購入庫!D:D,C45)-SUMIFS(借出!H:H,借出!D:D,C45)-SUMIFS(每日用粉紀錄表!G:G,每日用粉紀錄表!C:C,C45)+SUMIFS(歸還!H:H,歸還!D:D,C45)+SUMIFS(每日用粉紀錄表!I:I,每日用粉紀錄表!C:C,C45) -> 0 | G45: =SUMIFS(期初庫存!G:G,期初庫存!C:C,C45)+SUMIFS(採購入庫!G:G,採購入庫!D:D,C45)-SUMIFS(每日用粉紀錄表!F:F,每日用粉紀錄表!C:C,C45)-SUMIFS(借出!G:G,借出!D:D,C45)+SUMIFS(歸還!G:G,歸還!D:D,C45) -> 0 | I45: =IF(H45>G45,"採購","否") -> 否 | J45: =IFERROR($G45*25+$F45,"-") -> 0
B46: =MAX($B$3:B45)+1 -> 43 | C46: - | D46: - | E46: =IF(烤漆色號編碼!B53="","-",烤漆色號編碼!B53) -> - | F46: =SUMIFS(期初庫存!F:F,期初庫存!C:C,C46)+SUMIFS(採購入庫!H:H,採購入庫!D:D,C46)-SUMIFS(借出!H:H,借出!D:D,C46)-SUMIFS(每日用粉紀錄表!G:G,每日用粉紀錄表!C:C,C46)+SUMIFS(歸還!H:H,歸還!D:D,C46)+SUMIFS(每日用粉紀錄表!I:I,每日用粉紀錄表!C:C,C46) -> 0 | G46: =SUMIFS(期初庫存!G:G,期初庫存!C:C,C46)+SUMIFS(採購入庫!G:G,採購入庫!D:D,C46)-SUMIFS(每日用粉紀錄表!F:F,每日用粉紀錄表!C:C,C46)-SUMIFS(借出!G:G,借出!D:D,C46)+SUMIFS(歸還!G:G,歸還!D:D,C46) -> 0 | I46: =IF(H46>G46,"採購","否") -> 否 | J46: =IFERROR($G46*25+$F46,"-") -> 0
B47: =MAX($B$3:B46)+1 -> 44 | C47: - | D47: - | E47: - | F47: =SUMIFS(期初庫存!F:F,期初庫存!C:C,C47)+SUMIFS(採購入庫!H:H,採購入庫!D:D,C47)-SUMIFS(借出!H:H,借出!D:D,C47)-SUMIFS(每日用粉紀錄表!G:G,每日用粉紀錄表!C:C,C47)+SUMIFS(歸還!H:H,歸還!D:D,C47)+SUMIFS(每日用粉紀錄表!I:I,每日用粉紀錄表!C:C,C47) -> 0 | G47: =SUMIFS(期初庫存!G:G,期初庫存!C:C,C47)+SUMIFS(採購入庫!G:G,採購入庫!D:D,C47)-SUMIFS(每日用粉紀錄表!F:F,每日用粉紀錄表!C:C,C47)-SUMIFS(借出!G:G,借出!D:D,C47)+SUMIFS(歸還!G:G,歸還!D:D,C47) -> 0 | I47: =IF(H47>G47,"採購","否") -> 否 | J47: =IFERROR($G47*25+$F47,"-") -> 0
B48: =MAX($B$3:B47)+1 -> 45 | C48: - | D48: - | E48: - | F48: =SUMIFS(期初庫存!F:F,期初庫存!C:C,C48)+SUMIFS(採購入庫!H:H,採購入庫!D:D,C48)-SUMIFS(借出!H:H,借出!D:D,C48)-SUMIFS(每日用粉紀錄表!G:G,每日用粉紀錄表!C:C,C48)+SUMIFS(歸還!H:H,歸還!D:D,C48)+SUMIFS(每日用粉紀錄表!I:I,每日用粉紀錄表!C:C,C48) -> 0 | G48: =SUMIFS(期初庫存!G:G,期初庫存!C:C,C48)+SUMIFS(採購入庫!G:G,採購入庫!D:D,C48)-SUMIFS(每日用粉紀錄表!F:F,每日用粉紀錄表!C:C,C48)-SUMIFS(借出!G:G,借出!D:D,C48)+SUMIFS(歸還!G:G,歸還!D:D,C48) -> 0 | I48: =IF(H48>G48,"採購","否") -> 否 | J48: =IFERROR($G48*25+$F48,"-") -> 0
B49: =MAX($B$3:B48)+1 -> 46 | C49: - | D49: - | E49: - | F49: =SUMIFS(期初庫存!F:F,期初庫存!C:C,C49)+SUMIFS(採購入庫!H:H,採購入庫!D:D,C49)-SUMIFS(借出!H:H,借出!D:D,C49)-SUMIFS(每日用粉紀錄表!G:G,每日用粉紀錄表!C:C,C49)+SUMIFS(歸還!H:H,歸還!D:D,C49)+SUMIFS(每日用粉紀錄表!I:I,每日用粉紀錄表!C:C,C49) -> 0 | G49: =SUMIFS(期初庫存!G:G,期初庫存!C:C,C49)+SUMIFS(採購入庫!G:G,採購入庫!D:D,C49)-SUMIFS(每日用粉紀錄表!F:F,每日用粉紀錄表!C:C,C49)-SUMIFS(借出!G:G,借出!D:D,C49)+SUMIFS(歸還!G:G,歸還!D:D,C49) -> 0 | I49: =IF(H49>G49,"採購","否") -> 否 | J49: =IFERROR($G49*25+$F49,"-") -> 0
B50: =MAX($B$3:B49)+1 -> 47 | C50: - | D50: - | E50: - | F50: =SUMIFS(期初庫存!F:F,期初庫存!C:C,C50)+SUMIFS(採購入庫!H:H,採購入庫!D:D,C50)-SUMIFS(借出!H:H,借出!D:D,C50)-SUMIFS(每日用粉紀錄表!G:G,每日用粉紀錄表!C:C,C50)+SUMIFS(歸還!H:H,歸還!D:D,C50)+SUMIFS(每日用粉紀錄表!I:I,每日用粉紀錄表!C:C,C50) -> 0 | G50: =SUMIFS(期初庫存!G:G,期初庫存!C:C,C50)+SUMIFS(採購入庫!G:G,採購入庫!D:D,C50)-SUMIFS(每日用粉紀錄表!F:F,每日用粉紀錄表!C:C,C50)-SUMIFS(借出!G:G,借出!D:D,C50)+SUMIFS(歸還!G:G,歸還!D:D,C50) -> 0 | I50: =IF(H50>G50,"採購","否") -> 否 | J50: =IFERROR($G50*25+$F50,"-") -> 0
B51: =MAX($B$3:B50)+1 -> 48 | C51: - | D51: - | E51: - | F51: =SUMIFS(期初庫存!F:F,期初庫存!C:C,C51)+SUMIFS(採購入庫!H:H,採購入庫!D:D,C51)-SUMIFS(借出!H:H,借出!D:D,C51)-SUMIFS(每日用粉紀錄表!G:G,每日用粉紀錄表!C:C,C51)+SUMIFS(歸還!H:H,歸還!D:D,C51)+SUMIFS(每日用粉紀錄表!I:I,每日用粉紀錄表!C:C,C51) -> 0 | G51: =SUMIFS(期初庫存!G:G,期初庫存!C:C,C51)+SUMIFS(採購入庫!G:G,採購入庫!D:D,C51)-SUMIFS(每日用粉紀錄表!F:F,每日用粉紀錄表!C:C,C51)-SUMIFS(借出!G:G,借出!D:D,C51)+SUMIFS(歸還!G:G,歸還!D:D,C51) -> 0 | I51: =IF(H51>G51,"採購","否") -> 否 | J51: =IFERROR($G51*25+$F51,"-") -> 0
B52: =MAX($B$3:B51)+1 -> 49 | C52: - | D52: - | E52: - | F52: =SUMIFS(期初庫存!F:F,期初庫存!C:C,C52)+SUMIFS(採購入庫!H:H,採購入庫!D:D,C52)-SUMIFS(借出!H:H,借出!D:D,C52)-SUMIFS(每日用粉紀錄表!G:G,每日用粉紀錄表!C:C,C52)+SUMIFS(歸還!H:H,歸還!D:D,C52)+SUMIFS(每日用粉紀錄表!I:I,每日用粉紀錄表!C:C,C52) -> 0 | G52: =SUMIFS(期初庫存!G:G,期初庫存!C:C,C52)+SUMIFS(採購入庫!G:G,採購入庫!D:D,C52)-SUMIFS(每日用粉紀錄表!F:F,每日用粉紀錄表!C:C,C52)-SUMIFS(借出!G:G,借出!D:D,C52)+SUMIFS(歸還!G:G,歸還!D:D,C52) -> 0 | I52: =IF(H52>G52,"採購","否") -> 否 | J52: =IFERROR($G52*25+$F52,"-") -> 0
B53: =MAX($B$3:B52)+1 -> 50 | C53: - | D53: - | E53: - | F53: =SUMIFS(期初庫存!F:F,期初庫存!C:C,C53)+SUMIFS(採購入庫!H:H,採購入庫!D:D,C53)-SUMIFS(借出!H:H,借出!D:D,C53)-SUMIFS(每日用粉紀錄表!G:G,每日用粉紀錄表!C:C,C53)+SUMIFS(歸還!H:H,歸還!D:D,C53)+SUMIFS(每日用粉紀錄表!I:I,每日用粉紀錄表!C:C,C53) -> 0 | G53: =SUMIFS(期初庫存!G:G,期初庫存!C:C,C53)+SUMIFS(採購入庫!G:G,採購入庫!D:D,C53)-SUMIFS(每日用粉紀錄表!F:F,每日用粉紀錄表!C:C,C53)-SUMIFS(借出!G:G,借出!D:D,C53)+SUMIFS(歸還!G:G,歸還!D:D,C53) -> 0 | I53: =IF(H53>G53,"採購","否") -> 否 | J53: =IFERROR($G53*25+$F53,"-") -> 0
B54: =MAX($B$3:B53)+1 -> 51 | C54: - | D54: - | E54: - | F54: =SUMIFS(期初庫存!F:F,期初庫存!C:C,C54)+SUMIFS(採購入庫!H:H,採購入庫!D:D,C54)-SUMIFS(借出!H:H,借出!D:D,C54)-SUMIFS(每日用粉紀錄表!G:G,每日用粉紀錄表!C:C,C54)+SUMIFS(歸還!H:H,歸還!D:D,C54)+SUMIFS(每日用粉紀錄表!I:I,每日用粉紀錄表!C:C,C54) -> 0 | G54: =SUMIFS(期初庫存!G:G,期初庫存!C:C,C54)+SUMIFS(採購入庫!G:G,採購入庫!D:D,C54)-SUMIFS(每日用粉紀錄表!F:F,每日用粉紀錄表!C:C,C54)-SUMIFS(借出!G:G,借出!D:D,C54)+SUMIFS(歸還!G:G,歸還!D:D,C54) -> 0 | I54: =IF(H54>G54,"採購","否") -> 否 | J54: =IFERROR($G54*25+$F54,"-") -> 0
B55: =MAX($B$3:B54)+1 -> 52 | C55: - | D55: - | E55: - | F55: =SUMIFS(期初庫存!F:F,期初庫存!C:C,C55)+SUMIFS(採購入庫!H:H,採購入庫!D:D,C55)-SUMIFS(借出!H:H,借出!D:D,C55)-SUMIFS(每日用粉紀錄表!G:G,每日用粉紀錄表!C:C,C55)+SUMIFS(歸還!H:H,歸還!D:D,C55)+SUMIFS(每日用粉紀錄表!I:I,每日用粉紀錄表!C:C,C55) -> 0 | G55: =SUMIFS(期初庫存!G:G,期初庫存!C:C,C55)+SUMIFS(採購入庫!G:G,採購入庫!D:D,C55)-SUMIFS(每日用粉紀錄表!F:F,每日用粉紀錄表!C:C,C55)-SUMIFS(借出!G:G,借出!D:D,C55)+SUMIFS(歸還!G:G,歸還!D:D,C55) -> 0 | I55: =IF(H55>G55,"採購","否") -> 否 | J55: =IFERROR($G55*25+$F55,"-") -> 0
B56: =MAX($B$3:B55)+1 -> 53 | C56: - | D56: - | E56: - | F56: =SUMIFS(期初庫存!F:F,期初庫存!C:C,C56)+SUMIFS(採購入庫!H:H,採購入庫!D:D,C56)-SUMIFS(借出!H:H,借出!D:D,C56)-SUMIFS(每日用粉紀錄表!G:G,每日用粉紀錄表!C:C,C56)+SUMIFS(歸還!H:H,歸還!D:D,C56)+SUMIFS(每日用粉紀錄表!I:I,每日用粉紀錄表!C:C,C56) -> 0 | G56: =SUMIFS(期初庫存!G:G,期初庫存!C:C,C56)+SUMIFS(採購入庫!G:G,採購入庫!D:D,C56)-SUMIFS(每日用粉紀錄表!F:F,每日用粉紀錄表!C:C,C56)-SUMIFS(借出!G:G,借出!D:D,C56)+SUMIFS(歸還!G:G,歸還!D:D,C56) -> 0 | I56: =IF(H56>G56,"採購","否") -> 否 | J56: =IFERROR($G56*25+$F56,"-") -> 0
B57: =MAX($B$3:B56)+1 -> 54 | C57: - | D57: - | E57: - | F57: =SUMIFS(期初庫存!F:F,期初庫存!C:C,C57)+SUMIFS(採購入庫!H:H,採購入庫!D:D,C57)-SUMIFS(借出!H:H,借出!D:D,C57)-SUMIFS(每日用粉紀錄表!G:G,每日用粉紀錄表!C:C,C57)+SUMIFS(歸還!H:H,歸還!D:D,C57)+SUMIFS(每日用粉紀錄表!I:I,每日用粉紀錄表!C:C,C57) -> 0 | G57: =SUMIFS(期初庫存!G:G,期初庫存!C:C,C57)+SUMIFS(採購入庫!G:G,採購入庫!D:D,C57)-SUMIFS(每日用粉紀錄表!F:F,每日用粉紀錄表!C:C,C57)-SUMIFS(借出!G:G,借出!D:D,C57)+SUMIFS(歸還!G:G,歸還!D:D,C57) -> 0 | I57: =IF(H57>G57,"採購","否") -> 否 | J57: =IFERROR($G57*25+$F57,"-") -> 0
B58: =MAX($B$3:B57)+1 -> 55 | C58: - | D58: - | E58: - | F58: =SUMIFS(期初庫存!F:F,期初庫存!C:C,C58)+SUMIFS(採購入庫!H:H,採購入庫!D:D,C58)-SUMIFS(借出!H:H,借出!D:D,C58)-SUMIFS(每日用粉紀錄表!G:G,每日用粉紀錄表!C:C,C58)+SUMIFS(歸還!H:H,歸還!D:D,C58)+SUMIFS(每日用粉紀錄表!I:I,每日用粉紀錄表!C:C,C58) -> 0 | G58: =SUMIFS(期初庫存!G:G,期初庫存!C:C,C58)+SUMIFS(採購入庫!G:G,採購入庫!D:D,C58)-SUMIFS(每日用粉紀錄表!F:F,每日用粉紀錄表!C:C,C58)-SUMIFS(借出!G:G,借出!D:D,C58)+SUMIFS(歸還!G:G,歸還!D:D,C58) -> 0 | I58: =IF(H58>G58,"採購","否") -> 否 | J58: =IFERROR($G58*25+$F58,"-") -> 0
... B66: =MAX($B$3:B65)+1 -> 63 | C66: - | D66: - | E66: - | F66: =SUMIFS(期初庫存!F:F,期初庫存!C:C,C66)+SUMIFS(採購入庫!H:H,採購入庫!D:D,C66)-SUMIFS(借出!H:H,借出!D:D,C66)-SUMIFS(每日用粉紀錄表!G:G,每日用粉紀錄表!C:C,C66)+SUMIFS(歸還!H:H,歸還!D:D,C66)+SUMIFS(每日用粉紀錄表!I:I,每日用粉紀錄表!C:C,C66) -> 0 | G66: =SUMIFS(期初庫存!G:G,期初庫存!C:C,C66)+SUMIFS(採購入庫!G:G,採購入庫!D:D,C66)-SUMIFS(每日用粉紀錄表!F:F,每日用粉紀錄表!C:C,C66)-SUMIFS(借出!G:G,借出!D:D,C66)+SUMIFS(歸還!G:G,歸還!D:D,C66) -> 0 | I66: =IF(H66>G66,"採購","否") -> 否 | J66: =IFERROR($G66*25+$F66,"-") -> 0
B67: =MAX($B$3:B66)+1 -> 64 | C67: - | D67: - | E67: - | F67: =SUMIFS(期初庫存!F:F,期初庫存!C:C,C67)+SUMIFS(採購入庫!H:H,採購入庫!D:D,C67)-SUMIFS(借出!H:H,借出!D:D,C67)-SUMIFS(每日用粉紀錄表!G:G,每日用粉紀錄表!C:C,C67)+SUMIFS(歸還!H:H,歸還!D:D,C67)+SUMIFS(每日用粉紀錄表!I:I,每日用粉紀錄表!C:C,C67) -> 0 | G67: =SUMIFS(期初庫存!G:G,期初庫存!C:C,C67)+SUMIFS(採購入庫!G:G,採購入庫!D:D,C67)-SUMIFS(每日用粉紀錄表!F:F,每日用粉紀錄表!C:C,C67)-SUMIFS(借出!G:G,借出!D:D,C67)+SUMIFS(歸還!H:H,歸還!D:D,C67) -> 0 | I67: =IF(H67>G67,"採購","否") -> 否 | J67: =IFERROR($G67*25+$F67,"-") -> 0
B68: =MAX($B$3:B67)+1 -> 65 | C68: - | D68: - | E68: - | F68: =SUMIFS(期初庫存!F:F,期初庫存!C:C,C68)+SUMIFS(採購入庫!H:H,採購入庫!D:D,C68)-SUMIFS(借出!H:H,借出!D:D,C68)-SUMIFS(每日用粉紀錄表!G:G,每日用粉紀錄表!C:C,C68)+SUMIFS(歸還!H:H,歸還!D:D,C68)+SUMIFS(每日用粉紀錄表!I:I,每日用粉紀錄表!C:C,C68) -> 0 | G68: =SUMIFS(期初庫存!G:G,期初庫存!C:C,C68)+SUMIFS(採購入庫!G:G,採購入庫!D:D,C68)-SUMIFS(每日用粉紀錄表!F:F,每日用粉紀錄表!C:C,C68)-SUMIFS(借出!G:G,借出!D:D,C68)+SUMIFS(歸還!H:H,歸還!D:D,C68) -> 0 | I68: =IF(H68>G68,"採購","否") -> 否 | J68: =IFERROR($G68*25+$F68,"-") -> 0
B69: =MAX($B$3:B68)+1 -> 66 | C69: - | D69: - | E69: - | F69: =SUMIFS(期初庫存!F:F,期初庫存!C:C,C69)+SUMIFS(採購入庫!H:H,採購入庫!D:D,C69)-SUMIFS(借出!H:H,借出!D:D,C69)-SUMIFS(每日用粉紀錄表!G:G,每日用粉紀錄表!C:C,C69)+SUMIFS(歸還!H:H,歸還!D:D,C69)+SUMIFS(每日用粉紀錄表!I:I,每日用粉紀錄表!C:C,C69) -> 0 | G69: =SUMIFS(期初庫存!G:G,期初庫存!C:C,C69)+SUMIFS(採購入庫!G:G,採購入庫!D:D,C69)-SUMIFS(每日用粉紀錄表!F:F,每日用粉紀錄表!C:C,C69)-SUMIFS(借出!G:G,借出!D:D,C69)+SUMIFS(歸還!H:H,歸還!D:D,C69) -> 0 | I69: =IF(H69>G69,"採購","否") -> 否 | J69: =IFERROR($G69*25+$F69,"-") -> 0
B70: =MAX($B$3:B69)+1 -> 67 | C70: - | D70: - | E70: - | F70: =SUMIFS(期初庫存!F:F,期初庫存!C:C,C70)+SUMIFS(採購入庫!H:H,採購入庫!D:D,C70)-SUMIFS(借出!H:H,借出!D:D,C70)-SUMIFS(每日用粉紀錄表!G:G,每日用粉紀錄表!C:C,C70)+SUMIFS(歸還!H:H,歸還!D:D,C70)+SUMIFS(每日用粉紀錄表!I:I,每日用粉紀錄表!C:C,C70) -> 0 | G70: =SUMIFS(期初庫存!G:G,期初庫存!C:C,C70)+SUMIFS(採購入庫!G:G,採購入庫!D:D,C70)-SUMIFS(每日用粉紀錄表!F:F,每日用粉紀錄表!C:C,C70)-SUMIFS(借出!G:G,借出!D:D,C70)+SUMIFS(歸還!H:H,歸還!D:D,C70) -> 0 | I70: =IF(H70>G70,"採購","否") -> 否 | J70: =IFERROR($G70*25+$F70,"-") -> 0
B71: =MAX($B$3:B70)+1 -> 68 | C71: - | D71: - | E71: - | F71: =SUMIFS(期初庫存!F:F,期初庫存!C:C,C71)+SUMIFS(採購入庫!H:H,採購入庫!D:D,C71)-SUMIFS(借出!H:H,借出!D:D,C71)-SUMIFS(每日用粉紀錄表!G:G,每日用粉紀錄表!C:C,C71)+SUMIFS(歸還!H:H,歸還!D:D,C71)+SUMIFS(每日用粉紀錄表!I:I,每日用粉紀錄表!C:C,C71) -> 0 | G71: =SUMIFS(期初庫存!G:G,期初庫存!C:C,C71)+SUMIFS(採購入庫!G:G,採購入庫!D:D,C71)-SUMIFS(每日用粉紀錄表!F:F,每日用粉紀錄表!C:C,C71)-SUMIFS(借出!G:G,借出!D:D,C71)+SUMIFS(歸還!H:H,歸還!D:D,C71) -> 0 | I71: =IF(H71>G71,"採購","否") -> 否 | J71: =IFERROR($G71*25+$F71,"-") -> 0
B72: =MAX($B$3:B71)+1 -> 69 | C72: - | D72: - | E72: - | F72: =SUMIFS(期初庫存!F:F,期初庫存!C:C,C72)+SUMIFS(採購入庫!H:H,採購入庫!D:D,C72)-SUMIFS(借出!H:H,借出!D:D,C72)-SUMIFS(每日用粉紀錄表!G:G,每日用粉紀錄表!C:C,C72)+SUMIFS(歸還!H:H,歸還!D:D,C72)+SUMIFS(每日用粉紀錄表!I:I,每日用粉紀錄表!C:C,C72) -> 0 | G72: =SUMIFS(期初庫存!G:G,期初庫存!C:C,C72)+SUMIFS(採購入庫!G:G,採購入庫!D:D,C72)-SUMIFS(每日用粉紀錄表!F:F,每日用粉紀錄表!C:C,C72)-SUMIFS(借出!G:G,借出!D:D,C72)+SUMIFS(歸還!H:H,歸還!D:D,C72) -> 0 | I72: =IF(H72>G72,"採購","否") -> 否 | J72: =IFERROR($G72*25+$F72,"-") -> 0
B73: =MAX($B$3:B72)+1 -> 70 | C73: - | D73: - | E73: - | F73: =SUMIFS(期初庫存!F:F,期初庫存!C:C,C73)+SUMIFS(採購入庫!H:H,採購入庫!D:D,C73)-SUMIFS(借出!H:H,借出!D:D,C73)-SUMIFS(每日用粉紀錄表!G:G,每日用粉紀錄表!C:C,C73)+SUMIFS(歸還!H:H,歸還!D:D,C73)+SUMIFS(每日用粉紀錄表!I:I,每日用粉紀錄表!C:C,C73) -> 0 | G73: =SUMIFS(期初庫存!G:G,期初庫存!C:C,C73)+SUMIFS(採購入庫!G:G,採購入庫!D:D,C73)-SUMIFS(每日用粉紀錄表!F:F,每日用粉紀錄表!C:C,C73)-SUMIFS(借出!G:G,借出!D:D,C73)+SUMIFS(歸還!H:H,歸還!D:D,C73) -> 0 | I73: =IF(H73>G73,"採購","否") -> 否 | J73: =IFERROR($G73*25+$F73,"-") -> 0
B74: =MAX($B$3:B73)+1 -> 71 | C74: - | D74: - | E74: - | F74: =SUMIFS(期初庫存!F:F,期初庫存!C:C,C74)+SUMIFS(採購入庫!H:H,採購入庫!D:D,C74)-SUMIFS(借出!H:H,借出!D:D,C74)-SUMIFS(每日用粉紀錄表!G:G,每日用粉紀錄表!C:C,C74)+SUMIFS(歸還!H:H,歸還!D:D,C74)+SUMIFS(每日用粉紀錄表!I:I,每日用粉紀錄表!C:C,C74) -> 0 | G74: =SUMIFS(期初庫存!G:G,期初庫存!C:C,C74)+SUMIFS(採購入庫!G:G,採購入庫!D:D,C74)-SUMIFS(每日用粉紀錄表!F:F,每日用粉紀錄表!C:C,C74)-SUMIFS(借出!G:G,借出!D:D,C74)+SUMIFS(歸還!H:H,歸還!D:D,C74) -> 0 | I74: =IF(H74>G74,"採購","否") -> 否 | J74: =IFERROR($G74*25+$F74,"-") -> 0
B75: =MAX($B$3:B74)+1 -> 72 | C75: - | D75: - | E75: - | F75: =SUMIFS(期初庫存!F:F,期初庫存!C:C,C75)+SUMIFS(採購入庫!H:H,採購入庫!D:D,C75)-SUMIFS(借出!H:H,借出!D:D,C75)-SUMIFS(每日用粉紀錄表!G:G,每日用粉紀錄表!C:C,C75)+SUMIFS(歸還!H:H,歸還!D:D,C75)+SUMIFS(每日用粉紀錄表!I:I,每日用粉紀錄表!C:C,C75) -> 0 | G75: =SUMIFS(期初庫存!G:G,期初庫存!C:C,C75)+SUMIFS(採購入庫!G:G,採購入庫!D:D,C75)-SUMIFS(每日用粉紀錄表!F:F,每日用粉紀錄表!C:C,C75)-SUMIFS(借出!G:G,借出!D:D,C75)+SUMIFS(歸還!H:H,歸還!D:D,C75) -> 0 | I75: =IF(H75>G75,"採購","否") -> 否 | J75: =IFERROR($G75*25+$F75,"-") -> 0
B76: =MAX($B$3:B75)+1 -> 73 | C76: - | D76: - | E76: - | F76: =SUMIFS(期初庫存!F:F,期初庫存!C:C,C76)+SUMIFS(採購入庫!H:H,採購入庫!D:D,C76)-SUMIFS(借出!H:H,借出!D:D,C76)-SUMIFS(每日用粉紀錄表!G:G,每日用粉紀錄表!C:C,C76)+SUMIFS(歸還!H:H,歸還!D:D,C76)+SUMIFS(每日用粉紀錄表!I:I,每日用粉紀錄表!C:C,C76) -> 0 | G76: =SUMIFS(期初庫存!G:G,期初庫存!C:C,C76)+SUMIFS(採購入庫!G:G,採購入庫!D:D,C76)-SUMIFS(每日用粉紀錄表!F:F,每日用粉紀錄表!C:C,C76)-SUMIFS(借出!G:G,借出!D:D,C76)+SUMIFS(歸還!H:H,歸還!D:D,C76) -> 0 | I76: =IF(H76>G76,"採購","否") -> 否 | J76: =IFERROR($G76*25+$F76,"-") -> 0
B77: =MAX($B$3:B76)+1 -> 74 | C77: - | D77: - | E77: - | F77: =SUMIFS(期初庫存!F:F,期初庫存!C:C,C77)+SUMIFS(採購入庫!H:H,採購入庫!D:D,C77)-SUMIFS(借出!H:H,借出!D:D,C77)-SUMIFS(每日用粉紀錄表!G:G,每日用粉紀錄表!C:C,C77)+SUMIFS(歸還!H:H,歸還!D:D,C77)+SUMIFS(每日用粉紀錄表!I:I,每日用粉紀錄表!C:C,C77) -> 0 | G77: =SUMIFS(期初庫存!G:G,期初庫存!C:C,C77)+SUMIFS(採購入庫!G:G,採購入庫!D:D,C77)-SUMIFS(每日用粉紀錄表!F:F,每日用粉紀錄表!C:C,C77)-SUMIFS(借出!G:G,借出!D:D,C77)+SUMIFS(歸還!H:H,歸還!D:D,C77) -> 0 | I77: =IF(H77>G77,"採購","否") -> 否 | J77: =IFERROR($G77*25+$F77,"-") -> 0
B78: =MAX($B$3:B77)+1 -> 75 | C78: - | D78: - | E78: - | F78: =SUMIFS(期初庫存!F:F,期初庫存!C:C,C78)+SUMIFS(採購入庫!H:H,採購入庫!D:D,C78)-SUMIFS(借出!H:H,借出!D:D,C78)-SUMIFS(每日用粉紀錄表!G:G,每日用粉紀錄表!C:C,C78)+SUMIFS(歸還!H:H,歸還!D:D,C78)+SUMIFS(每日用粉紀錄表!I:I,每日用粉紀錄表!C:C,C78) -> 0 | G78: =SUMIFS(期初庫存!G:G,期初庫存!C:C,C78)+SUMIFS(採購入庫!G:G,採購入庫!D:D,C78)-SUMIFS(每日用粉紀錄表!F:F,每日用粉紀錄表!C:C,C78)-SUMIFS(借出!G:G,借出!D:D,C78)+SUMIFS(歸還!H:H,歸還!D:D,C78) -> 0 | I78: =IF(H78>G78,"採購","否") -> 否 | J78: =IFERROR($G78*25+$F78,"-") -> 0
... B86: =MAX($B$3:B85)+1 -> 83 | C86: - | D86: - | E86: - | F86: =SUMIFS(期初庫存!F:F,期初庫存!C:C,C86)+SUMIFS(採購入庫!H:H,採購入庫!D:D,C86)-SUMIFS(借出!H:H,借出!D:D,C86)-SUMIFS(每日用粉紀錄表!G:G,每日用粉紀錄表!C:C,C86)+SUMIFS(歸還!H:H,歸還!D:D,C86)+SUMIFS(每日用粉紀錄表!I:I,每日用粉紀錄表!C:C,C86) -> 0 | G86: =SUMIFS(期初庫存!G:G,期初庫存!C:C,C86)+SUMIFS(採購入庫!G:G,採購入庫!D:D,C86)-SUMIFS(每日用粉紀錄表!F:F,每日用粉紀錄表!C:C,C86)-SUMIFS(借出!G:G,借出!D:D,C86)+SUMIFS(歸還!H:H,歸還!D:D,C86) -> 0 | I86: =IF(H86>G86,"採購","否") -> 否 | J86: =IFERROR($G86*25+$F86,"-") -> 0
B87: 84 | C87: - | D87: - | E87: - | F87: =SUMIFS(期初庫存!F:F,期初庫存!C:C,C87)+SUMIFS(採購入庫!H:H,採購入庫!D:D,C87)-SUMIFS(借出!H:H,借出!D:D,C87)-SUMIFS(每日用粉紀錄表!G:G,每日用粉紀錄表!C:C,C87)+SUMIFS(歸還!H:H,歸還!D:D,C87)+SUMIFS(每日用粉紀錄表!I:I,每日用粉紀錄表!C:C,C87) -> 0 | G87: =SUMIFS(期初庫存!G:G,期初庫存!C:C,C87)+SUMIFS(採購入庫!G:G,採購入庫!D:D,C87)-SUMIFS(每日用粉紀錄表!F:F,每日用粉紀錄表!C:C,C87)-SUMIFS(借出!G:G,借出!D:D,C87)+SUMIFS(歸還!H:H,歸還!D:D,C87) -> 0 | I87: =IF(H87>G87,"採購","否") -> 否 | J87: =IFERROR($G87*25+$F87,"-") -> 0
B88: 85 | C88: - | D88: - | E88: - | F88: =SUMIFS(期初庫存!F:F,期初庫存!C:C,C88)+SUMIFS(採購入庫!H:H,採購入庫!D:D,C88)-SUMIFS(借出!H:H,借出!D:D,C88)-SUMIFS(每日用粉紀錄表!G:G,每日用粉紀錄表!C:C,C88)+SUMIFS(歸還!H:H,歸還!D:D,C88)+SUMIFS(每日用粉紀錄表!I:I,每日用粉紀錄表!C:C,C88) -> 0 | G88: =SUMIFS(期初庫存!G:G,期初庫存!C:C,C88)+SUMIFS(採購入庫!G:G,採購入庫!D:D,C88)-SUMIFS(每日用粉紀錄表!F:F,每日用粉紀錄表!C:C,C88)-SUMIFS(借出!G:G,借出!D:D,C88)+SUMIFS(歸還!H:H,歸還!D:D,C88) -> 0 | I88: =IF(H88>G88,"採購","否") -> 否 | J88: =IFERROR($G88*25+$F88,"-") -> 0
B89: 86 | C89: - | D89: - | E89: - | F89: =SUMIFS(期初庫存!F:F,期初庫存!C:C,C89)+SUMIFS(採購入庫!H:H,採購入庫!D:D,C89)-SUMIFS(借出!H:H,借出!D:D,C89)-SUMIFS(每日用粉紀錄表!G:G,每日用粉紀錄表!C:C,C89)+SUMIFS(歸還!H:H,歸還!D:D,C89)+SUMIFS(每日用粉紀錄表!I:I,每日用粉紀錄表!C:C,C89) -> 0 | G89: =SUMIFS(期初庫存!G:G,期初庫存!C:C,C89)+SUMIFS(採購入庫!G:G,採購入庫!D:D,C89)-SUMIFS(每日用粉紀錄表!F:F,每日用粉紀錄表!C:C,C89)-SUMIFS(借出!G:G,借出!D:D,C89)+SUMIFS(歸還!H:H,歸還!D:D,C89) -> 0 | I89: =IF(H89>G89,"採購","否") -> 否 | J89: =IFERROR($G89*25+$F89,"-") -> 0
B90: 87 | C90: - | D90: - | E90: - | F90: =SUMIFS(期初庫存!F:F,期初庫存!C:C,C90)+SUMIFS(採購入庫!H:H,採購入庫!D:D,C90)-SUMIFS(借出!H:H,借出!D:D,C90)-SUMIFS(每日用粉紀錄表!G:G,每日用粉紀錄表!C:C,C90)+SUMIFS(歸還!H:H,歸還!D:D,C90)+SUMIFS(每日用粉紀錄表!I:I,每日用粉紀錄表!C:C,C90) -> 0 | G90: =SUMIFS(期初庫存!G:G,期初庫存!C:C,C90)+SUMIFS(採購入庫!G:G,採購入庫!D:D,C90)-SUMIFS(每日用粉紀錄表!F:F,每日用粉紀錄表!C:C,C90)-SUMIFS(借出!G:G,借出!D:D,C90)+SUMIFS(歸還!H:H,歸還!D:D,C90) -> 0 | I90: =IF(H90>G90,"採購","否") -> 否 | J90: =IFERROR($G90*25+$F90,"-") -> 0
B91: 88 | C91: - | D91: - | E91: - | F91: =SUMIFS(期初庫存!F:F,期初庫存!C:C,C91)+SUMIFS(採購入庫!H:H,採購入庫!D:D,C91)-SUMIFS(借出!H:H,借出!D:D,C91)-SUMIFS(每日用粉紀錄表!G:G,每日用粉紀錄表!C:C,C91)+SUMIFS(歸還!H:H,歸還!D:D,C91)+SUMIFS(每日用粉紀錄表!I:I,每日用粉紀錄表!C:C,C91) -> 0 | G91: =SUMIFS(期初庫存!G:G,期初庫存!C:C,C91)+SUMIFS(採購入庫!G:G,採購入庫!D:D,C91)-SUMIFS(每日用粉紀錄表!F:F,每日用粉紀錄表!C:C,C91)-SUMIFS(借出!G:G,借出!D:D,C91)+SUMIFS(歸還!H:H,歸還!D:D,C91) -> 0 | I91: =IF(H91>G91,"採購","否") -> 否 | J91: =IFERROR($G91*25+$F91,"-") -> 0
B92: 89 | C92: - | D92: - | E92: - | F92: =SUMIFS(期初庫存!F:F,期初庫存!C:C,C92)+SUMIFS(採購入庫!H:H,採購入庫!D:D,C92)-SUMIFS(借出!H:H,借出!D:D,C92)-SUMIFS(每日用粉紀錄表!G:G,每日用粉紀錄表!C:C,C92)+SUMIFS(歸還!H:H,歸還!D:D,C92)+SUMIFS(每日用粉紀錄表!I:I,每日用粉紀錄表!C:C,C92) -> 0 | G92: =SUMIFS(期初庫存!G:G,期初庫存!C:C,C92)+SUMIFS(採購入庫!G:G,採購入庫!D:D,C92)-SUMIFS(每日用粉紀錄表!F:F,每日用粉紀錄表!C:C,C92)-SUMIFS(借出!G:G,借出!D:D,C92)+SUMIFS(歸還!H:H,歸還!D:D,C92) -> 0 | I92: =IF(H92>G92,"採購","否") -> 否 | J92: =IFERROR($G92*25+$F92,"-") -> 0
B93: 90 | C93: - | D93: - | E93: - | F93: =SUMIFS(期初庫存!F:F,期初庫存!C:C,C93)+SUMIFS(採購入庫!H:H,採購入庫!D:D,C93)-SUMIFS(借出!H:H,借出!D:D,C93)-SUMIFS(每日用粉紀錄表!G:G,每日用粉紀錄表!C:C,C93)+SUMIFS(歸還!H:H,歸還!D:D,C93)+SUMIFS(每日用粉紀錄表!I:I,每日用粉紀錄表!C:C,C93) -> 0 | G93: =SUMIFS(期初庫存!G:G,期初庫存!C:C,C93)+SUMIFS(採購入庫!G:G,採購入庫!D:D,C93)-SUMIFS(每日用粉紀錄表!F:F,每日用粉紀錄表!C:C,C93)-SUMIFS(借出!G:G,借出!D:D,C93)+SUMIFS(歸還!H:H,歸還!D:D,C93) -> 0 | I93: =IF(H93>G93,"採購","否") -> 否 | J93: =IFERROR($G93*25+$F93,"-") -> 0
B94: 91 | C94: - | D94: - | E94: - | F94: =SUMIFS(期初庫存!F:F,期初庫存!C:C,C94)+SUMIFS(採購入庫!H:H,採購入庫!D:D,C94)-SUMIFS(借出!H:H,借出!D:D,C94)-SUMIFS(每日用粉紀錄表!G:G,每日用粉紀錄表!C:C,C94)+SUMIFS(歸還!H:H,歸還!D:D,C94)+SUMIFS(每日用粉紀錄表!I:I,每日用粉紀錄表!C:C,C94) -> 0 | G94: =SUMIFS(期初庫存!G:G,期初庫存!C:C,C94)+SUMIFS(採購入庫!G:G,採購入庫!D:D,C94)-SUMIFS(每日用粉紀錄表!F:F,每日用粉紀錄表!C:C,C94)-SUMIFS(借出!G:G,借出!D:D,C94)+SUMIFS(歸還!H:H,歸還!D:D,C94) -> 0 | I94: =IF(H94>G94,"採購","否") -> 否 | J94: =IFERROR($G94*25+$F94,"-") -> 0
B95: 92 | C95: - | D95: - | E95: - | F95: =SUMIFS(期初庫存!F:F,期初庫存!C:C,C95)+SUMIFS(採購入庫!H:H,採購入庫!D:D,C95)-SUMIFS(借出!H:H,借出!D:D,C95)-SUMIFS(每日用粉紀錄表!G:G,每日用粉紀錄表!C:C,C95)+SUMIFS(歸還!H:H,歸還!D:D,C95)+SUMIFS(每日用粉紀錄表!I:I,每日用粉紀錄表!C:C,C95) -> 0 | G95: =SUMIFS(期初庫存!G:G,期初庫存!C:C,C95)+SUMIFS(採購入庫!G:G,採購入庫!D:D,C95)-SUMIFS(每日用粉紀錄表!F:F,每日用粉紀錄表!C:C,C95)-SUMIFS(借出!G:G,借出!D:D,C95)+SUMIFS(歸還!H:H,歸還!D:D,C95) -> 0 | I95: =IF(H95>G95,"採購","否") -> 否 | J95: =IFERROR($G95*25+$F95,"-") -> 0
B96: 93 | C96: - | D96: - | E96: - | F96: =SUMIFS(期初庫存!F:F,期初庫存!C:C,C96)+SUMIFS(採購入庫!H:H,採購入庫!D:D,C96)-SUMIFS(借出!H:H,借出!D:D,C96)-SUMIFS(每日用粉紀錄表!G:G,每日用粉紀錄表!C:C,C96)+SUMIFS(歸還!H:H,歸還!D:D,C96)+SUMIFS(每日用粉紀錄表!I:I,每日用粉紀錄表!C:C,C96) -> 0 | G96: =SUMIFS(期初庫存!G:G,期初庫存!C:C,C96)+SUMIFS(採購入庫!G:G,採購入庫!D:D,C96)-SUMIFS(每日用粉紀錄表!F:F,每日用粉紀錄表!C:C,C96)-SUMIFS(借出!G:G,借出!D:D,C96)+SUMIFS(歸還!H:H,歸還!D:D,C96) -> 0 | I96: =IF(H96>G96,"採購","否") -> 否 | J96: =IFERROR($G96*25+$F96,"-") -> 0
B97: 94 | C97: - | D97: - | E97: - | F97: =SUMIFS(期初庫存!F:F,期初庫存!C:C,C97)+SUMIFS(採購入庫!H:H,採購入庫!D:D,C97)-SUMIFS(借出!H:H,借出!D:D,C97)-SUMIFS(每日用粉紀錄表!G:G,每日用粉紀錄表!C:C,C97)+SUMIFS(歸還!H:H,歸還!D:D,C97)+SUMIFS(每日用粉紀錄表!I:I,每日用粉紀錄表!C:C,C97) -> 0 | G97: =SUMIFS(期初庫存!G:G,期初庫存!C:C,C97)+SUMIFS(採購入庫!G:G,採購入庫!D:D,C97)-SUMIFS(每日用粉紀錄表!F:F,每日用粉紀錄表!C:C,C97)-SUMIFS(借出!G:G,借出!D:D,C97)+SUMIFS(歸還!H:H,歸還!D:D,C97) -> 0 | I97: =IF(H97>G97,"採購","否") -> 否 | J97: =IFERROR($G97*25+$F97,"-") -> 0
B98: 95 | C98: - | D98: - | E98: - | F98: =SUMIFS(期初庫存!F:F,期初庫存!C:C,C98)+SUMIFS(採購入庫!H:H,採購入庫!D:D,C98)-SUMIFS(借出!H:H,借出!D:D,C98)-SUMIFS(每日用粉紀錄表!G:G,每日用粉紀錄表!C:C,C98)+SUMIFS(歸還!H:H,歸還!D:D,C98)+SUMIFS(每日用粉紀錄表!I:I,每日用粉紀錄表!C:C,C98) -> 0 | G98: =SUMIFS(期初庫存!G:G,期初庫存!C:C,C98)+SUMIFS(採購入庫!G:G,採購入庫!D:D,C98)-SUMIFS(每日用粉紀錄表!F:F,每日用粉紀錄表!C:C,C98)-SUMIFS(借出!G:G,借出!D:D,C98)+SUMIFS(歸還!H:H,歸還!D:D,C98) -> 0 | I98: =IF(H98>G98,"採購","否") -> 否 | J98: =IFERROR($G98*25+$F98,"-") -> 0
... B103: 100 | C103: - | D103: - | E103: - | F103: =SUMIFS(期初庫存!F:F,期初庫存!C:C,C103)+SUMIFS(採購入庫!H:H,採購入庫!D:D,C103)-SUMIFS(借出!H:H,借出!D:D,C103)-SUMIFS(每日用粉紀錄表!G:G,每日用粉紀錄表!C:C,C103)+SUMIFS(歸還!H:H,歸還!D:D,C103)+SUMIFS(每日用粉紀錄表!I:I,每日用粉紀錄表!C:C,C103) -> 0 | G103: =SUMIFS(期初庫存!G:G,期初庫存!C:C,C103)+SUMIFS(採購入庫!G:G,採購入庫!D:D,C103)-SUMIFS(每日用粉紀錄表!F:F,每日用粉紀錄表!C:C,C103)-SUMIFS(借出!G:G,借出!D:D,C103)+SUMIFS(歸還!H:H,歸還!D:D,C103) -> 0 | I103: =IF(H103>G103,"採購","否") -> 否 | J103: =IFERROR($G103*25+$F103,"-") -> 0
B104: 101 | C104: - | D104: - | E104: - | F104: - | G104: 0 | I104: =IF(H104>G104,"采购","否") -> 否
B105: 102 | C105: - | D105: - | E105: - | F105: - | G105: 0 | I105: =IF(H105>G105,"采购","否") -> 否
B106: 103 | C106: - | D106: - | E106: - | F106: - | G106: 0 | I106: =IF(H106>G106,"采购","否") -> 否
B107: 104 | C107: - | D107: - | E107: - | F107: - | G107: 0 | I107: =IF(H107>G107,"采购","否") -> 否
B108: 105 | C108: - | D108: - | E108: - | F108: - | G108: 0 | I108: =IF(H108>G108,"采购","否") -> 否
B109: 106 | C109: - | D109: - | E109: - | F109: - | G109: 0 | I109: =IF(H109>G109,"采购","否") -> 否
B110: 107 | C110: - | D110: - | E110: - | F110: - | G110: 0 | I110: =IF(H110>G110,"采购","否") -> 否
B111: 108 | C111: - | D111: - | E111: - | F111: - | G111: 0 | I111: =IF(H111>G111,"采购","否") -> 否
B112: 109 | C112: - | D112: - | E112: - | F112: - | G112: 0 | I112: =IF(H112>G112,"采购","否") -> 否
B113: 110 | C113: - | D113: - | E113: - | F113: - | G113: 0 | I113: =IF(H113>G113,"采购","否") -> 否
B114: 111 | C114: - | D114: - | E114: - | F114: - | G114: 0 | I114: =IF(H114>G114,"采购","否") -> 否
B115: 112 | C115: - | D115: - | E115: - | F115: - | G115: 0 | I115: =IF(H115>G115,"采购","否") -> 否
... B138: 135 | C138: - | D138: - | E138: - | F138: - | G138: 0 | I138: =IF(H138>G138,"采购","否") -> 否
B139: 136 | C139: - | D139: - | E139: - | F139: - | G139: 0 | I139: 否
B140: 137 | C140: - | D140: - | E140: - | F140: - | G140: 0 | I140: 否
B141: 138 | C141: - | D141: - | E141: - | F141: - | G141: 0 | I141: 否
...

Sheet 對照表
B2: NO: | C2: 粉號 | D2: 當前庫存 | E2: 欄1 | F2: 欄2 | G2: 箱數 | H2: 散粉 | I2: 本期盤存 | J2: 誤差類別 | K2: 誤差值 | L2: 重盤
B3: 1 | C3: =IF(烤漆色號編碼!A2="","-",烤漆色號編碼!A2) -> DP-11485 | D3: =IFERROR(VLOOKUP($C3,當前庫存!$C:$I,5,FALSE),"-") -> 1 | E3: =IFERROR(VLOOKUP($C3,當前庫存!$C:$I,4,FALSE),"-") -> 38 | F3: =IFERROR(VLOOKUP($C3,烤漆色號編碼!$A:$D,4,FALSE)*表格3[[#This Row],[當前庫存]]+表格3[[#This Row],[欄1]],"-") -> 63 | G3: 1 | H3: =5+23+10 -> 38 | I3: =IFERROR(VLOOKUP($C3,烤漆色號編碼!$A:$D,4,FALSE)*表格3[[#This Row],[箱數]]+表格3[[#This Row],[散粉]],"-") -> 63 | J3: =IF(I3>表格3[[#This Row],[欄2]],"多粉",IF(I3<表格3[[#This Row],[欄2]],"少粉","正確")) -> 正確 | K3: =I3-表格3[[#This Row],[欄2]] -> 0
B4: 2 | C4: =IF(烤漆色號編碼!A3="","-",烤漆色號編碼!A3) -> DP-1856 | D4: =IFERROR(VLOOKUP($C4,當前庫存!$C:$I,5,FALSE),"-") -> 1 | E4: =IFERROR(VLOOKUP($C4,當前庫存!$C:$I,4,FALSE),"-") -> 12 | F4: =IFERROR(VLOOKUP($C4,烤漆色號編碼!$A:$D,4,FALSE)*表格3[[#This Row],[當前庫存]]+表格3[[#This Row],[欄1]],"-") -> 37 | G4: 1 | H4: 12 | I4: =IFERROR(VLOOKUP($C4,烤漆色號編碼!$A:$D,4,FALSE)*表格3[[#This Row],[箱數]]+表格3[[#This Row],[散粉]],"-") -> 37 | J4: =IF(I4>表格3[[#This Row],[欄2]],"多粉",IF(I4<表格3[[#This Row],[欄2]],"少粉","正確")) -> 正確 | K4: =I4-表格3[[#This Row],[欄2]] -> 0
B5: 3 | C5: =IF(烤漆色號編碼!A4="","-",烤漆色號編碼!A4) -> O-5905 | D5: =IFERROR(VLOOKUP($C5,當前庫存!$C:$I,5,FALSE),"-") -> 0 | E5: =IFERROR(VLOOKUP($C5,當前庫存!$C:$I,4,FALSE),"-") -> 0 | F5: =IFERROR(VLOOKUP($C5,烤漆色號編碼!$A:$D,4,FALSE)*表格3[[#This Row],[當前庫存]]+表格3[[#This Row],[欄1]],"-") -> 0 | G5: 0 | H5: 0 | I5: =IFERROR(VLOOKUP($C5,烤漆色號編碼!$A:$D,4,FALSE)*表格3[[#This Row],[箱數]]+表格3[[#This Row],[散粉]],"-") -> 0 | J5: =IF(I5>表格3[[#This Row],[欄2]],"多粉",IF(I5<表格3[[#This Row],[欄2]],"少粉","正確")) -> 正確 | K5: =I5-表格3[[#This Row],[欄2]] -> 0
B6: 4 | C6: =IF(烤漆色號編碼!A5="","-",烤漆色號編碼!A5) -> New O-5905 | D6: =IFERROR(VLOOKUP($C6,當前庫存!$C:$I,5,FALSE),"-") -> 2 | E6: =IFERROR(VLOOKUP($C6,當前庫存!$C:$I,4,FALSE),"-") -> 7 | F6: =IFERROR(VLOOKUP($C6,烤漆色號編碼!$A:$D,4,FALSE)*表格3[[#This Row],[當前庫存]]+表格3[[#This Row],[欄1]],"-") -> 57 | G6: 2 | H6: 7 | I6: =IFERROR(VLOOKUP($C6,烤漆色號編碼!$A:$D,4,FALSE)*表格3[[#This Row],[箱數]]+表格3[[#This Row],[散粉]],"-") -> 57 | J6: =IF(I6>表格3[[#This Row],[欄2]],"多粉",IF(I6<表格3[[#This Row],[欄2]],"少粉","正確")) -> 正確 | K6: =I6-表格3[[#This Row],[欄2]] -> 0
B7: 5 | C7: =IF(烤漆色號編碼!A6="","-",烤漆色號編碼!A6) -> 790-41540H | D7: =IFERROR(VLOOKUP($C7,當前庫存!$C:$I,5,FALSE),"-") -> 0 | E7: =IFERROR(VLOOKUP($C7,當前庫存!$C:$I,4,FALSE),"-") -> 27 | F7: =IFERROR(VLOOKUP($C7,烤漆色號編碼!$A:$D,4,FALSE)*表格3[[#This Row],[當前庫存]]+表格3[[#This Row],[欄1]],"-") -> 27 | G7: 0 | H7: =21+6 -> 27 | I7: =IFERROR(VLOOKUP($C7,烤漆色號編碼!$A:$D,4,FALSE)*表格3[[#This Row],[箱數]]+表格3[[#This Row],[散粉]],"-") -> 27 | J7: =IF(I7>表格3[[#This Row],[欄2]],"多粉",IF(I7<表格3[[#This Row],[欄2]],"少粉","正確")) -> 正確 | K7: =I7-表格3[[#This Row],[欄2]] -> 0
B8: 6 | C8: =IF(烤漆色號編碼!A7="","-",烤漆色號編碼!A7) -> 780-310AT | D8: =IFERROR(VLOOKUP($C8,當前庫存!$C:$I,5,FALSE),"-") -> 3 | E8: =IFERROR(VLOOKUP($C8,當前庫存!$C:$I,4,FALSE),"-") -> 12 | F8: =IFERROR(VLOOKUP($C8,烤漆色號編碼!$A:$D,4,FALSE)*表格3[[#This Row],[當前庫存]]+表格3[[#This Row],[欄1]],"-") -> 87 | G8: 3 | H8: 12 | I8: =IFERROR(VLOOKUP($C8,烤漆色號編碼!$A:$D,4,FALSE)*表格3[[#This Row],[箱數]]+表格3[[#This Row],[散粉]],"-") -> 87 | J8: =IF(I8>表格3[[#This Row],[欄2]],"多粉",IF(I8<表格3[[#This Row],[欄2]],"少粉","正確")) -> 正確 | K8: =I8-表格3[[#This Row],[欄2]] -> 0
B9: 7 | C9: =IF(烤漆色號編碼!A8="","-",烤漆色號編碼!A8) -> LT-90442 | D9: =IFERROR(VLOOKUP($C9,當前庫存!$C:$I,5,FALSE),"-") -> 2 | E9: =IFERROR(VLOOKUP($C9,當前庫存!$C:$I,4,FALSE),"-") -> 3 | F9: =IFERROR(VLOOKUP($C9,烤漆色號編碼!$A:$D,4,FALSE)*表格3[[#This Row],[當前庫存]]+表格3[[#This Row],[欄1]],"-") -> 53 | G9: 2 | H9: 3 | I9: =IFERROR(VLOOKUP($C9,烤漆色號編碼!$A:$D,4,FALSE)*表格3[[#This Row],[箱數]]+表格3[[#This Row],[散粉]],"-") -> 53 | J9: =IF(I9>表格3[[#This Row],[欄2]],"多粉",IF(I9<表格3[[#This Row],[欄2]],"少粉","正確")) -> 正確 | K9: =I9-表格3[[#This Row],[欄2]] -> 0
B10: 8 | C10: =IF(烤漆色號編碼!A9="","-",烤漆色號編碼!A9) -> 770-739 | D10: =IFERROR(VLOOKUP($C10,當前庫存!$C:$I,5,FALSE),"-") -> 5 | E10: =IFERROR(VLOOKUP($C10,當前庫存!$C:$I,4,FALSE),"-") -> 5 | F10: =IFERROR(VLOOKUP($C10,烤漆色號編碼!$A:$D,4,FALSE)*表格3[[#This Row],[當前庫存]]+表格3[[#This Row],[欄1]],"-") -> 130 | G10: 5 | H10: 5 | I10: =IFERROR(VLOOKUP($C10,烤漆色號編碼!$A:$D,4,FALSE)*表格3[[#This Row],[箱數]]+表格3[[#This Row],[散粉]],"-") -> 130 | J10: =IF(I10>表格3[[#This Row],[欄2]],"多粉",IF(I10<表格3[[#This Row],[欄2]],"少粉","正確")) -> 正確 | K10: =I10-表格3[[#This Row],[欄2]] -> 0
B11: 9 | C11: =IF(烤漆色號編碼!A10="","-",烤漆色號編碼!A10) -> 4950-502 | D11: =IFERROR(VLOOKUP($C11,當前庫存!$C:$I,5,FALSE),"-") -> 4 | E11: =IFERROR(VLOOKUP($C11,當前庫存!$C:$I,4,FALSE),"-") -> 11 | F11: =IFERROR(VLOOKUP($C11,烤漆色號編碼!$A:$D,4,FALSE)*表格3[[#This Row],[當前庫存]]+表格3[[#This Row],[欄1]],"-") -> 111 | G11: 4 | H11: 11 | I11: =IFERROR(VLOOKUP($C11,烤漆色號編碼!$A:$D,4,FALSE)*表格3[[#This Row],[箱數]]+表格3[[#This Row],[散粉]],"-") -> 111 | J11: =IF(I11>表格3[[#This Row],[欄2]],"多粉",IF(I11<表格3[[#This Row],[欄2]],"少粉","正確")) -> 正確 | K11: =I11-表格3[[#This Row],[欄2]] -> 0
B12: 10 | C12: =IF(烤漆色號編碼!A11="","-",烤漆色號編碼!A11) -> EN-402T | D12: =IFERROR(VLOOKUP($C12,當前庫存!$C:$I,5,FALSE),"-") -> 0 | E12: =IFERROR(VLOOKUP($C12,當前庫存!$C:$I,4,FALSE),"-") -> 36 | F12: =IFERROR(VLOOKUP($C12,烤漆色號編碼!$A:$D,4,FALSE)*表格3[[#This Row],[當前庫存]]+表格3[[#This Row],[欄1]],"-") -> 36 | G12: 0 | H12: =20+16 -> 36 | I12: =IFERROR(VLOOKUP($C12,烤漆色號編碼!$A:$D,4,FALSE)*表格3[[#This Row],[箱數]]+表格3[[#This Row],[散粉]],"-") -> 36 | J12: =IF(I12>表格3[[#This Row],[欄2]],"多粉",IF(I12<表格3[[#This Row],[欄2]],"少粉","正確")) -> 正確 | K12: =I12-表格3[[#This Row],[欄2]] -> 0
B13: 11 | C13: =IF(烤漆色號編碼!A12="","-",烤漆色號編碼!A12) -> K-91097G | D13: =IFERROR(VLOOKUP($C13,當前庫存!$C:$I,5,FALSE),"-") -> 17 | E13: =IFERROR(VLOOKUP($C13,當前庫存!$C:$I,4,FALSE),"-") -> 3 | F13: =IFERROR(VLOOKUP($C13,烤漆色號編碼!$A:$D,4,FALSE)*表格3[[#This Row],[當前庫存]]+表格3[[#This Row],[欄1]],"-") -> 428 | G13: 17 | H13: 8 | I13: =IFERROR(VLOOKUP($C13,烤漆色號編碼!$A:$D,4,FALSE)*表格3[[#This Row],[箱數]]+表格3[[#This Row],[散粉]],"-") -> 433 | J13: =IF(I13>表格3[[#This Row],[欄2]],"多粉",IF(I13<表格3[[#This Row],[欄2]],"少粉","正確")) -> 多粉 | K13: =I13-表格3[[#This Row],[欄2]] -> 5
B14: 12 | C14: =IF(烤漆色號編碼!A13="","-",烤漆色號編碼!A13) -> 780-45510H | D14: =IFERROR(VLOOKUP($C14,當前庫存!$C:$I,5,FALSE),"-") -> 0 | E14: =IFERROR(VLOOKUP($C14,當前庫存!$C:$I,4,FALSE),"-") -> 0 | F14: =IFERROR(VLOOKUP($C14,烤漆色號編碼!$A:$D,4,FALSE)*表格3[[#This Row],[當前庫存]]+表格3[[#This Row],[欄1]],"-") -> 0 | G14: 0 | H14: 0 | I14: =IFERROR(VLOOKUP($C14,烤漆色號編碼!$A:$D,4,FALSE)*表格3[[#This Row],[箱數]]+表格3[[#This Row],[散粉]],"-") -> 0 | J14: =IF(I14>表格3[[#This Row],[欄2]],"多粉",IF(I14<表格3[[#This Row],[欄2]],"少粉","正確")) -> 正確 | K14: =I14-表格3[[#This Row],[欄2]] -> 0
B15: 13 | C15: =IF(烤漆色號編碼!A14="","-",烤漆色號編碼!A14) -> 4605-505 | D15: =IFERROR(VLOOKUP($C15,當前庫存!$C:$I,5,FALSE),"-") -> 3 | E15: =IFERROR(VLOOKUP($C15,當前庫存!$C:$I,4,FALSE),"-") -> 26 | F15: =IFERROR(VLOOKUP($C15,烤漆色號編碼!$A:$D,4,FALSE)*表格3[[#This Row],[當前庫存]]+表格3[[#This Row],[欄1]],"-") -> 101 | G15: 3 | H15: 26 | I15: =IFERROR(VLOOKUP($C15,烤漆色號編碼!$A:$D,4,FALSE)*表格3[[#This Row],[箱數]]+表格3[[#This Row],[散粉]],"-") -> 101 | J15: =IF(I15>表格3[[#This Row],[欄2]],"多粉",IF(I15<表格3[[#This Row],[欄2]],"少粉","正確")) -> 正確 | K15: =I15-表格3[[#This Row],[欄2]] -> 0
B16: 14 | C16: =IF(烤漆色號編碼!A15="","-",烤漆色號編碼!A15) -> O-9850GSNB | D16: =IFERROR(VLOOKUP($C16,當前庫存!$C:$I,5,FALSE),"-") -> 1 | E16: =IFERROR(VLOOKUP($C16,當前庫存!$C:$I,4,FALSE),"-") -> 65 | F16: =IFERROR(VLOOKUP($C16,烤漆色號編碼!$A:$D,4,FALSE)*表格3[[#This Row],[當前庫存]]+表格3[[#This Row],[欄1]],"-") -> 90 | G16: 1 | H16: =24+21+20 -> 65 | I16: =IFERROR(VLOOKUP($C16,烤漆色號編碼!$A:$D,4,FALSE)*表格3[[#This Row],[箱數]]+表格3[[#This Row],[散粉]],"-") -> 90 | J16: =IF(I16>表格3[[#This Row],[欄2]],"多粉",IF(I16<表格3[[#This Row],[欄2]],"少粉","正確")) -> 正確 | K16: =I16-表格3[[#This Row],[欄2]] -> 0
B17: 15 | C17: =IF(烤漆色號編碼!A16="","-",烤漆色號編碼!A16) -> K-9287S | D17: =IFERROR(VLOOKUP($C17,當前庫存!$C:$I,5,FALSE),"-") -> 2 | E17: =IFERROR(VLOOKUP($C17,當前庫存!$C:$I,4,FALSE),"-") -> 8 | F17: =IFERROR(VLOOKUP($C17,烤漆色號編碼!$A:$D,4,FALSE)*表格3[[#This Row],[當前庫存]]+表格3[[#This Row],[欄1]],"-") -> 58 | G17: 2 | H17: 8 | I17: =IFERROR(VLOOKUP($C17,烤漆色號編碼!$A:$D,4,FALSE)*表格3[[#This Row],[箱數]]+表格3[[#This Row],[散粉]],"-") -> 58 | J17: =IF(I17>表格3[[#This Row],[欄2]],"多粉",IF(I17<表格3[[#This Row],[欄2]],"少粉","正確")) -> 正確 | K17: =I17-表格3[[#This Row],[欄2]] -> 0
B18: 16 | C18: =IF(烤漆色號編碼!A17="","-",烤漆色號編碼!A17) -> EL-0365T | D18: =IFERROR(VLOOKUP($C18,當前庫存!$C:$I,5,FALSE),"-") -> 2 | E18: =IFERROR(VLOOKUP($C18,當前庫存!$C:$I,4,FALSE),"-") -> 22 | F18: =IFERROR(VLOOKUP($C18,烤漆色號編碼!$A:$D,4,FALSE)*表格3[[#This Row],[當前庫存]]+表格3[[#This Row],[欄1]],"-") -> 72 | G18: 2 | H18: 14 | I18: =IFERROR(VLOOKUP($C18,烤漆色號編碼!$A:$D,4,FALSE)*表格3[[#This Row],[箱數]]+表格3[[#This Row],[散粉]],"-") -> 64 | J18: =IF(I18>表格3[[#This Row],[欄2]],"多粉",IF(I18<表格3[[#This Row],[欄2]],"少粉","正確")) -> 少粉 | K18: =I18-表格3[[#This Row],[欄2]] -> -8
B19: 17 | C19: =IF(烤漆色號編碼!A18="","-",烤漆色號編碼!A18) -> O-22170G | D19: =IFERROR(VLOOKUP($C19,當前庫存!$C:$I,5,FALSE),"-") -> 8 | E19: =IFERROR(VLOOKUP($C19,當前庫存!$C:$I,4,FALSE),"-") -> 17 | F19: =IFERROR(VLOOKUP($C19,烤漆色號編碼!$A:$D,4,FALSE)*表格3[[#This Row],[當前庫存]]+表格3[[#This Row],[欄1]],"-") -> 217 | G19: 8 | H19: 17 | I19: =IFERROR(VLOOKUP($C19,烤漆色號編碼!$A:$D,4,FALSE)*表格3[[#This Row],[箱數]]+表格3[[#This Row],[散粉]],"-") -> 217 | J19: =IF(I19>表格3[[#This Row],[欄2]],"多粉",IF(I19<表格3[[#This Row],[欄2]],"少粉","正確")) -> 正確 | K19: =I19-表格3[[#This Row],[欄2]] -> 0
B20: 18 | C20: =IF(烤漆色號編碼!A19="","-",烤漆色號編碼!A19) -> O-200SB | D20: =IFERROR(VLOOKUP($C20,當前庫存!$C:$I,5,FALSE),"-") -> 0 | E20: =IFERROR(VLOOKUP($C20,當前庫存!$C:$I,4,FALSE),"-") -> 0 | F20: =IFERROR(VLOOKUP($C20,烤漆色號編碼!$A:$D,4,FALSE)*表格3[[#This Row],[當前庫存]]+表格3[[#This Row],[欄1]],"-") -> 0 | G20: 0 | H20: 0 | I20: =IFERROR(VLOOKUP($C20,烤漆色號編碼!$A:$D,4,FALSE)*表格3[[#This Row],[箱數]]+表格3[[#This Row],[散粉]],"-") -> 0 | J20: =IF(I20>表格3[[#This Row],[欄2]],"多粉",IF(I20<表格3[[#This Row],[欄2]],"少粉","正確")) -> 正確 | K20: =I20-表格3[[#This Row],[欄2]] -> 0
B21: 19 | C21: =IF(烤漆色號編碼!A20="","-",烤漆色號編碼!A20) -> K-5257CSB | D21: =IFERROR(VLOOKUP($C21,當前庫存!$C:$I,5,FALSE),"-") -> 2 | E21: =IFERROR(VLOOKUP($C21,當前庫存!$C:$I,4,FALSE),"-") -> 44 | F21: =IFERROR(VLOOKUP($C21,烤漆色號編碼!$A:$D,4,FALSE)*表格3[[#This Row],[當前庫存]]+表格3[[#This Row],[欄1]],"-") -> 94 | G21: 2 | H21: =23+11+10 -> 44 | I21: =IFERROR(VLOOKUP($C21,烤漆色號編碼!$A:$D,4,FALSE)*表格3[[#This Row],[箱數]]+表格3[[#This Row],[散粉]],"-") -> 94 | J21: =IF(I21>表格3[[#This Row],[欄2]],"多粉",IF(I21<表格3[[#This Row],[欄2]],"少粉","正確")) -> 正確 | K21: =I21-表格3[[#This Row],[欄2]] -> 0
B22: 20 | C22: =IF(烤漆色號編碼!A21="","-",烤漆色號編碼!A21) -> K-4654 | D22: =IFERROR(VLOOKUP($C22,當前庫存!$C:$I,5,FALSE),"-") -> 2 | E22: =IFERROR(VLOOKUP($C22,當前庫存!$C:$I,4,FALSE),"-") -> 34 | F22: =IFERROR(VLOOKUP($C22,烤漆色號編碼!$A:$D,4,FALSE)*表格3[[#This Row],[當前庫存]]+表格3[[#This Row],[欄1]],"-") -> 84 | G22: 2 | H22: =16+12+6 -> 34 | I22: =IFERROR(VLOOKUP($C22,烤漆色號編碼!$A:$D,4,FALSE)*表格3[[#This Row],[箱數]]+表格3[[#This Row],[散粉]],"-") -> 84 | J22: =IF(I22>表格3[[#This Row],[欄2]],"多粉",IF(I22<表格3[[#This Row],[欄2]],"少粉","正確")) -> 正確 | K22: =I22-表格3[[#This Row],[欄2]] -> 0
B23: 21 | C23: =IF(烤漆色號編碼!A22="","-",烤漆色號編碼!A22) -> 780-9B65 | D23: =IFERROR(VLOOKUP($C23,當前庫存!$C:$I,5,FALSE),"-") -> 3 | E23: =IFERROR(VLOOKUP($C23,當前庫存!$C:$I,4,FALSE),"-") -> 20 | F23: =IFERROR(VLOOKUP($C23,烤漆色號編碼!$A:$D,4,FALSE)*表格3[[#This Row],[當前庫存]]+表格3[[#This Row],[欄1]],"-") -> 95 | G23: 3 | H23: 21 | I23: =IFERROR(VLOOKUP($C23,烤漆色號編碼!$A:$D,4,FALSE)*表格3[[#This Row],[箱數]]+表格3[[#This Row],[散粉]],"-") -> 96 | J23: =IF(I23>表格3[[#This Row],[欄2]],"多粉",IF(I23<表格3[[#This Row],[欄2]],"少粉","正確")) -> 多粉 | K23: =I23-表格3[[#This Row],[欄2]] -> 1
B24: 22 | C24: =IF(烤漆色號編碼!A23="","-",烤漆色號編碼!A23) -> 780-9Q70 | D24: =IFERROR(VLOOKUP($C24,當前庫存!$C:$I,5,FALSE),"-") -> 0 | E24: =IFERROR(VLOOKUP($C24,當前庫存!$C:$I,4,FALSE),"-") -> 0 | F24: =IFERROR(VLOOKUP($C24,烤漆色號編碼!$A:$D,4,FALSE)*表格3[[#This Row],[當前庫存]]+表格3[[#This Row],[欄1]],"-") -> 0 | G24: 0 | H24: 0 | I24: =IFERROR(VLOOKUP($C24,烤漆色號編碼!$A:$D,4,FALSE)*表格3[[#This Row],[箱數]]+表格3[[#This Row],[散粉]],"-") -> 0 | J24: =IF(I24>表格3[[#This Row],[欄2]],"多粉",IF(I24<表格3[[#This Row],[欄2]],"少粉","正確")) -> 正確 | K24: =I24-表格3[[#This Row],[欄2]] -> 0
B25: 23 | C25: =IF(烤漆色號編碼!A24="","-",烤漆色號編碼!A24) -> 780-6902 | D25: =IFERROR(VLOOKUP($C25,當前庫存!$C:$I,5,FALSE),"-") -> 2 | E25: =IFERROR(VLOOKUP($C25,當前庫存!$C:$I,4,FALSE),"-") -> 12 | F25: =IFERROR(VLOOKUP($C25,烤漆色號編碼!$A:$D,4,FALSE)*表格3[[#This Row],[當前庫存]]+表格3[[#This Row],[欄1]],"-") -> 62 | G25: 2 | H25: 12 | I25: =IFERROR(VLOOKUP($C25,烤漆色號編碼!$A:$D,4,FALSE)*表格3[[#This Row],[箱數]]+表格3[[#This Row],[散粉]],"-") -> 62 | J25: =IF(I25>表格3[[#This Row],[欄2]],"多粉",IF(I25<表格3[[#This Row],[欄2]],"少粉","正確")) -> 正確 | K25: =I25-表格3[[#This Row],[欄2]] -> 0
B26: 24 | C26: =IF(烤漆色號編碼!A25="","-",烤漆色號編碼!A25) -> A-10067 | D26: =IFERROR(VLOOKUP($C26,當前庫存!$C:$I,5,FALSE),"-") -> 1 | E26: =IFERROR(VLOOKUP($C26,當前庫存!$C:$I,4,FALSE),"-") -> 71 | F26: =IFERROR(VLOOKUP($C26,烤漆色號編碼!$A:$D,4,FALSE)*表格3[[#This Row],[當前庫存]]+表格3[[#This Row],[欄1]],"-") -> 96 | G26: 1 | H26: =26+24+21 -> 71 | I26: =IFERROR(VLOOKUP($C26,烤漆色號編碼!$A:$D,4,FALSE)*表格3[[#This Row],[箱數]]+表格3[[#This Row],[散粉]],"-") -> 96 | J26: =IF(I26>表格3[[#This Row],[欄2]],"多粉",IF(I26<表格3[[#This Row],[欄2]],"少粉","正確")) -> 正確 | K26: =I26-表格3[[#This Row],[欄2]] -> 0
B27: 25 | C27: =IF(烤漆色號編碼!A26="","-",烤漆色號編碼!A26) -> 4605-702A | D27: =IFERROR(VLOOKUP($C27,當前庫存!$C:$I,5,FALSE),"-") -> 0 | E27: =IFERROR(VLOOKUP($C27,當前庫存!$C:$I,4,FALSE),"-") -> 12 | F27: =IFERROR(VLOOKUP($C27,烤漆色號編碼!$A:$D,4,FALSE)*表格3[[#This Row],[當前庫存]]+表格3[[#This Row],[欄1]],"-") -> 12 | G27: 0 | H27: 12 | I27: =IFERROR(VLOOKUP($C27,烤漆色號編碼!$A:$D,4,FALSE)*表格3[[#This Row],[箱數]]+表格3[[#This Row],[散粉]],"-") -> 12 | J27: =IF(I27>表格3[[#This Row],[欄2]],"多粉",IF(I27<表格3[[#This Row],[欄2]],"少粉","正確")) -> 正確 | K27: =I27-表格3[[#This Row],[欄2]] -> 0
B28: 26 | C28: =IF(烤漆色號編碼!A27="","-",烤漆色號編碼!A27) -> 4900-246 | D28: =IFERROR(VLOOKUP($C28,當前庫存!$C:$I,5,FALSE),"-") -> 0 | E28: =IFERROR(VLOOKUP($C28,當前庫存!$C:$I,4,FALSE),"-") -> 22 | F28: =IFERROR(VLOOKUP($C28,烤漆色號編碼!$A:$D,4,FALSE)*表格3[[#This Row],[當前庫存]]+表格3[[#This Row],[欄1]],"-") -> 22 | G28: 0 | H28: 22 | I28: =IFERROR(VLOOKUP($C28,烤漆色號編碼!$A:$D,4,FALSE)*表格3[[#This Row],[箱數]]+表格3[[#This Row],[散粉]],"-") -> 22 | J28: =IF(I28>表格3[[#This Row],[欄2]],"多粉",IF(I28<表格3[[#This Row],[欄2]],"少粉","正確")) -> 正確 | K28: =I28-表格3[[#This Row],[欄2]] -> 0
B29: 27 | C29: =IF(烤漆色號編碼!A28="","-",烤漆色號編碼!A28) -> 4900-149 | D29: =IFERROR(VLOOKUP($C29,當前庫存!$C:$I,5,FALSE),"-") -> 2 | E29: =IFERROR(VLOOKUP($C29,當前庫存!$C:$I,4,FALSE),"-") -> 4 | F29: =IFERROR(VLOOKUP($C29,烤漆色號編碼!$A:$D,4,FALSE)*表格3[[#This Row],[當前庫存]]+表格3[[#This Row],[欄1]],"-") -> 54 | G29: 2 | H29: 4 | I29: =IFERROR(VLOOKUP($C29,烤漆色號編碼!$A:$D,4,FALSE)*表格3[[#This Row],[箱數]]+表格3[[#This Row],[散粉]],"-") -> 54 | J29: =IF(I29>表格3[[#This Row],[欄2]],"多粉",IF(I29<表格3[[#This Row],[欄2]],"少粉","正確")) -> 正確 | K29: =I29-表格3[[#This Row],[欄2]] -> 0
B30: 28 | C30: =IF(烤漆色號編碼!A29="","-",烤漆色號編碼!A29) -> K-5510SCB | D30: =IFERROR(VLOOKUP($C30,當前庫存!$C:$I,5,FALSE),"-") -> 0 | E30: =IFERROR(VLOOKUP($C30,當前庫存!$C:$I,4,FALSE),"-") -> 9 | F30: =IFERROR(VLOOKUP($C30,烤漆色號編碼!$A:$D,4,FALSE)*表格3[[#This Row],[當前庫存]]+表格3[[#This Row],[欄1]],"-") -> 9 | G30: 0 | H30: 9 | I30: =IFERROR(VLOOKUP($C30,烤漆色號編碼!$A:$D,4,FALSE)*表格3[[#This Row],[箱數]]+表格3[[#This Row],[散粉]],"-") -> 9 | J30: =IF(I30>表格3[[#This Row],[欄2]],"多粉",IF(I30<表格3[[#This Row],[欄2]],"少粉","正確")) -> 正確 | K30: =I30-表格3[[#This Row],[欄2]] -> 0
B31: 29 | C31: =IF(烤漆色號編碼!A30="","-",烤漆色號編碼!A30) -> O-5337H | D31: =IFERROR(VLOOKUP($C31,當前庫存!$C:$I,5,FALSE),"-") -> 0 | E31: =IFERROR(VLOOKUP($C31,當前庫存!$C:$I,4,FALSE),"-") -> 0 | F31: =IFERROR(VLOOKUP($C31,烤漆色號編碼!$A:$D,4,FALSE)*表格3[[#This Row],[當前庫存]]+表格3[[#This Row],[欄1]],"-") -> 0 | G31: 0 | H31: 0 | I31: =IFERROR(VLOOKUP($C31,烤漆色號編碼!$A:$D,4,FALSE)*表格3[[#This Row],[箱數]]+表格3[[#This Row],[散粉]],"-") -> 0 | J31: =IF(I31>表格3[[#This Row],[欄2]],"多粉",IF(I31<表格3[[#This Row],[欄2]],"少粉","正確")) -> 正確 | K31: =I31-表格3[[#This Row],[欄2]] -> 0
B32: 30 | C32: =IF(烤漆色號編碼!A31="","-",烤漆色號編碼!A31) -> E-BY112 | D32: =IFERROR(VLOOKUP($C32,當前庫存!$C:$I,5,FALSE),"-") -> 0 | E32: =IFERROR(VLOOKUP($C32,當前庫存!$C:$I,4,FALSE),"-") -> 0 | F32: =IFERROR(VLOOKUP($C32,烤漆色號編碼!$A:$D,4,FALSE)*表格3[[#This Row],[當前庫存]]+表格3[[#This Row],[欄1]],"-") -> 0 | G32: 0 | H32: 0 | I32: =IFERROR(VLOOKUP($C32,烤漆色號編碼!$A:$D,4,FALSE)*表格3[[#This Row],[箱數]]+表格3[[#This Row],[散粉]],"-") -> 0 | J32: =IF(I32>表格3[[#This Row],[欄2]],"多粉",IF(I32<表格3[[#This Row],[欄2]],"少粉","正確")) -> 正確 | K32: =I32-表格3[[#This Row],[欄2]] -> 0
B33: 31 | C33: =IF(烤漆色號編碼!A32="","-",烤漆色號編碼!A32) -> BP-133S | D33: =IFERROR(VLOOKUP($C33,當前庫存!$C:$I,5,FALSE),"-") -> 4 | E33: =IFERROR(VLOOKUP($C33,當前庫存!$C:$I,4,FALSE),"-") -> 9 | F33: =IFERROR(VLOOKUP($C33,烤漆色號編碼!$A:$D,4,FALSE)*表格3[[#This Row],[當前庫存]]+表格3[[#This Row],[欄1]],"-") -> 89 | G33: 4 | H33: 9 | I33: =IFERROR(VLOOKUP($C33,烤漆色號編碼!$A:$D,4,FALSE)*表格3[[#This Row],[箱數]]+表格3[[#This Row],[散粉]],"-") -> 89 | J33: =IF(I33>表格3[[#This Row],[欄2]],"多粉",IF(I33<表格3[[#This Row],[欄2]],"少粉","正確")) -> 正確 | K33: =I33-表格3[[#This Row],[欄2]] -> 0
B34: 32 | C34: =IF(烤漆色號編碼!A33="","-",烤漆色號編碼!A33) -> PC-20537Y | D34: =IFERROR(VLOOKUP($C34,當前庫存!$C:$I,5,FALSE),"-") -> 0 | E34: =IFERROR(VLOOKUP($C34,當前庫存!$C:$I,4,FALSE),"-") -> 6 | F34: =IFERROR(VLOOKUP($C34,烤漆色號編碼!$A:$D,4,FALSE)*表格3[[#This Row],[當前庫存]]+表格3[[#This Row],[欄1]],"-") -> 6 | G34: 0 | H34: 6 | I34: =IFERROR(VLOOKUP($C34,烤漆色號編碼!$A:$D,4,FALSE)*表格3[[#This Row],[箱數]]+表格3[[#This Row],[散粉]],"-") -> 6 | J34: =IF(I34>表格3[[#This Row],[欄2]],"多粉",IF(I34<表格3[[#This Row],[欄2]],"少粉","正確")) -> 正確 | K34: =I34-表格3[[#This Row],[欄2]] -> 0
B35: 33 | C35: =IF(烤漆色號編碼!A34="","-",烤漆色號編碼!A34) -> 008/2H056 | D35: =IFERROR(VLOOKUP($C35,當前庫存!$C:$I,5,FALSE),"-") -> 12 | E35: =IFERROR(VLOOKUP($C35,當前庫存!$C:$I,4,FALSE),"-") -> 5 | F35: =IFERROR(VLOOKUP($C35,烤漆色號編碼!$A:$D,4,FALSE)*表格3[[#This Row],[當前庫存]]+表格3[[#This Row],[欄1]],"-") -> 305 | G35: 13 | H35: =5 -> 5 | I35: =IFERROR(VLOOKUP($C35,烤漆色號編碼!$A:$D,4,FALSE)*表格3[[#This Row],[箱數]]+表格3[[#This Row],[散粉]],"-") -> 330 | J35: =IF(I35>表格3[[#This Row],[欄2]],"多粉",IF(I35<表格3[[#This Row],[欄2]],"少粉","正確")) -> 多粉 | K35: =I35-表格3[[#This Row],[欄2]] -> 25
B36: 34 | C36: =IF(烤漆色號編碼!A35="","-",烤漆色號編碼!A35) -> 008/1H174 | D36: =IFERROR(VLOOKUP($C36,當前庫存!$C:$I,5,FALSE),"-") -> 26 | E36: =IFERROR(VLOOKUP($C36,當前庫存!$C:$I,4,FALSE),"-") -> 14 | F36: =IFERROR(VLOOKUP($C36,烤漆色號編碼!$A:$D,4,FALSE)*表格3[[#This Row],[當前庫存]]+表格3[[#This Row],[欄1]],"-") -> 664 | G36: 27 | H36: 6 | I36: =IFERROR(VLOOKUP($C36,烤漆色號編碼!$A:$D,4,FALSE)*表格3[[#This Row],[箱數]]+表格3[[#This Row],[散粉]],"-") -> 681 | J36: =IF(I36>表格3[[#This Row],[欄2]],"多粉",IF(I36<表格3[[#This Row],[欄2]],"少粉","正確")) -> 多粉 | K36: =I36-表格3[[#This Row],[欄2]] -> 17
B37: 35 | C37: =IF(烤漆色號編碼!A36="","-",烤漆色號編碼!A36) -> O-58057 | D37: =IFERROR(VLOOKUP($C37,當前庫存!$C:$I,5,FALSE),"-") -> 0 | E37: =IFERROR(VLOOKUP($C37,當前庫存!$C:$I,4,FALSE),"-") -> 12 | F37: =IFERROR(VLOOKUP($C37,烤漆色號編碼!$A:$D,4,FALSE)*表格3[[#This Row],[當前庫存]]+表格3[[#This Row],[欄1]],"-") -> 12 | G37: 0 | H37: =8+3+1 -> 12 | I37: =IFERROR(VLOOKUP($C37,烤漆色號編碼!$A:$D,4,FALSE)*表格3[[#This Row],[箱數]]+表格3[[#This Row],[散粉]],"-") -> 12 | J37: =IF(I37>表格3[[#This Row],[欄2]],"多粉",IF(I37<表格3[[#This Row],[欄2]],"少粉","正確")) -> 正確 | K37: =I37-表格3[[#This Row],[欄2]] -> 0
B38: 36 | C38: =IF(烤漆色號編碼!A37="","-",烤漆色號編碼!A37) -> K-7618 | D38: =IFERROR(VLOOKUP($C38,當前庫存!$C:$I,5,FALSE),"-") -> 4 | E38: =IFERROR(VLOOKUP($C38,當前庫存!$C:$I,4,FALSE),"-") -> 19 | F38: =IFERROR(VLOOKUP($C38,烤漆色號編碼!$A:$D,4,FALSE)*表格3[[#This Row],[當前庫存]]+表格3[[#This Row],[欄1]],"-") -> 119 | G38: 4 | H38: 19 | I38: =IFERROR(VLOOKUP($C38,烤漆色號編碼!$A:$D,4,FALSE)*表格3[[#This Row],[箱數]]+表格3[[#This Row],[散粉]],"-") -> 119 | J38: =IF(I38>表格3[[#This Row],[欄2]],"多粉",IF(I38<表格3[[#This Row],[欄2]],"少粉","正確")) -> 正確 | K38: =I38-表格3[[#This Row],[欄2]] -> 0
B39: 37 | C39: =IF(烤漆色號編碼!A38="","-",烤漆色號編碼!A38) -> 008/35624 | D39: =IFERROR(VLOOKUP($C39,當前庫存!$C:$I,5,FALSE),"-") -> 0 | E39: =IFERROR(VLOOKUP($C39,當前庫存!$C:$I,4,FALSE),"-") -> 20 | F39: =IFERROR(VLOOKUP($C39,烤漆色號編碼!$A:$D,4,FALSE)*表格3[[#This Row],[當前庫存]]+表格3[[#This Row],[欄1]],"-") -> 20 | G39: 0 | H39: 20 | I39: =IFERROR(VLOOKUP($C39,烤漆色號編碼!$A:$D,4,FALSE)*表格3[[#This Row],[箱數]]+表格3[[#This Row],[散粉]],"-") -> 20 | J39: =IF(I39>表格3[[#This Row],[欄2]],"多粉",IF(I39<表格3[[#This Row],[欄2]],"少粉","正確")) -> 正確 | K39: =I39-表格3[[#This Row],[欄2]] -> 0
B40: 38 | C40: =IF(烤漆色號編碼!A39="","-",烤漆色號編碼!A39) -> 780-7847AT | D40: =IFERROR(VLOOKUP($C40,當前庫存!$C:$I,5,FALSE),"-") -> 0 | E40: =IFERROR(VLOOKUP($C40,當前庫存!$C:$I,4,FALSE),"-") -> 0 | F40: =IFERROR(VLOOKUP($C40,烤漆色號編碼!$A:$D,4,FALSE)*表格3[[#This Row],[當前庫存]]+表格3[[#This Row],[欄1]],"-") -> 0 | G40: 0 | H40: 0 | I40: =IFERROR(VLOOKUP($C40,烤漆色號編碼!$A:$D,4,FALSE)*表格3[[#This Row],[箱數]]+表格3[[#This Row],[散粉]],"-") -> 0 | J40: =IF(I40>表格3[[#This Row],[欄2]],"多粉",IF(I40<表格3[[#This Row],[欄2]],"少粉","正確")) -> 正確 | K40: =I40-表格3[[#This Row],[欄2]] -> 0
B41: 39 | C41: =IF(烤漆色號編碼!A40="","-",烤漆色號編碼!A40) -> 07146D | D41: =IFERROR(VLOOKUP($C41,當前庫存!$C:$I,5,FALSE),"-") -> 5 | E41: =IFERROR(VLOOKUP($C41,當前庫存!$C:$I,4,FALSE),"-") -> 36 | F41: =IFERROR(VLOOKUP($C41,烤漆色號編碼!$A:$D,4,FALSE)*表格3[[#This Row],[當前庫存]]+表格3[[#This Row],[欄1]],"-") -> 161 | G41: 5 | H41: =20+16 -> 36 | I41: =IFERROR(VLOOKUP($C41,烤漆色號編碼!$A:$D,4,FALSE)*表格3[[#This Row],[箱數]]+表格3[[#This Row],[散粉]],"-") -> 161 | J41: =IF(I41>表格3[[#This Row],[欄2]],"多粉",IF(I41<表格3[[#This Row],[欄2]],"少粉","正確")) -> 正確 | K41: =I41-表格3[[#This Row],[欄2]] -> 0
B42: 40 | C42: - | D42: =IF(當前庫存!J43="","-",當前庫存!J43) -> 0 | E42: =IFERROR(VLOOKUP($C42,當前庫存!$C:$I,4,FALSE),"-") -> 0 | F42: =IFERROR(VLOOKUP($C42,烤漆色號編碼!$A:$D,4,FALSE)*表格3[[#This Row],[當前庫存]]+表格3[[#This Row],[欄1]],"-") -> - | I42: =IFERROR(VLOOKUP($C42,烤漆色號編碼!$A:$D,4,FALSE)*表格3[[#This Row],[箱數]]+表格3[[#This Row],[散粉]],"-") -> - | J42: =IF(I42>表格3[[#This Row],[欄2]],"多粉",IF(I42<表格3[[#This Row],[欄2]],"少粉","正確")) -> 正確 | K42: =I42-表格3[[#This Row],[欄2]] -> #VALUE!
B43: 41 | C43: - | D43: =IF(當前庫存!J44="","-",當前庫存!J44) -> 0 | E43: =IFERROR(VLOOKUP($C43,當前庫存!$C:$I,4,FALSE),"-") -> 0 | F43: =IFERROR(VLOOKUP($C43,烤漆色號編碼!$A:$D,4,FALSE)*表格3[[#This Row],[當前庫存]]+表格3[[#This Row],[欄1]],"-") -> - | I43: =IFERROR(VLOOKUP($C43,烤漆色號編碼!$A:$D,4,FALSE)*表格3[[#This Row],[箱數]]+表格3[[#This Row],[散粉]],"-") -> - | J43: =IF(I43>表格3[[#This Row],[欄2]],"多粉",IF(I43<表格3[[#This Row],[欄2]],"少粉","正確")) -> 正確 | K43: =I43-表格3[[#This Row],[欄2]] -> #VALUE!
B44: 42 | C44: - | D44: =IF(當前庫存!J45="","-",當前庫存!J45) -> 0 | E44: =IFERROR(VLOOKUP($C44,當前庫存!$C:$I,4,FALSE),"-") -> 0 | F44: =IFERROR(VLOOKUP($C44,烤漆色號編碼!$A:$D,4,FALSE)*表格3[[#This Row],[當前庫存]]+表格3[[#This Row],[欄1]],"-") -> - | I44: =IFERROR(VLOOKUP($C44,烤漆色號編碼!$A:$D,4,FALSE)*表格3[[#This Row],[箱數]]+表格3[[#This Row],[散粉]],"-") -> - | J44: =IF(I44>表格3[[#This Row],[欄2]],"多粉",IF(I44<表格3[[#This Row],[欄2]],"少粉","正確")) -> 正確 | K44: =I44-表格3[[#This Row],[欄2]] -> #VALUE!
B45: 43 | C45: - | D45: =IF(當前庫存!J46="","-",當前庫存!J46) -> 0 | E45: =IFERROR(VLOOKUP($C45,當前庫存!$C:$I,4,FALSE),"-") -> 0 | F45: =IFERROR(VLOOKUP($C45,烤漆色號編碼!$A:$D,4,FALSE)*表格3[[#This Row],[當前庫存]]+表格3[[#This Row],[欄1]],"-") -> - | I45: =IFERROR(VLOOKUP($C45,烤漆色號編碼!$A:$D,4,FALSE)*表格3[[#This Row],[箱數]]+表格3[[#This Row],[散粉]],"-") -> - | J45: =IF(I45>表格3[[#This Row],[欄2]],"多粉",IF(I45<表格3[[#This Row],[欄2]],"少粉","正確")) -> 正確 | K45: =I45-表格3[[#This Row],[欄2]] -> #VALUE!
B46: 44 | C46: - | D46: =IF(當前庫存!J47="","-",當前庫存!J47) -> 0 | E46: =IFERROR(VLOOKUP($C46,當前庫存!$C:$I,4,FALSE),"-") -> 0 | F46: =IFERROR(VLOOKUP($C46,烤漆色號編碼!$A:$D,4,FALSE)*表格3[[#This Row],[當前庫存]]+表格3[[#This Row],[欄1]],"-") -> - | I46: =IFERROR(VLOOKUP($C46,烤漆色號編碼!$A:$D,4,FALSE)*表格3[[#This Row],[箱數]]+表格3[[#This Row],[散粉]],"-") -> - | J46: =IF(I46>表格3[[#This Row],[欄2]],"多粉",IF(I46<表格3[[#This Row],[欄2]],"少粉","正確")) -> 正確 | K46: =I46-表格3[[#This Row],[欄2]] -> #VALUE!
B47: 45 | C47: - | D47: =IF(當前庫存!J48="","-",當前庫存!J48) -> 0 | E47: =IFERROR(VLOOKUP($C47,當前庫存!$C:$I,4,FALSE),"-") -> 0 | F47: =IFERROR(VLOOKUP($C47,烤漆色號編碼!$A:$D,4,FALSE)*表格3[[#This Row],[當前庫存]]+表格3[[#This Row],[欄1]],"-") -> - | I47: =IFERROR(VLOOKUP($C47,烤漆色號編碼!$A:$D,4,FALSE)*表格3[[#This Row],[箱數]]+表格3[[#This Row],[散粉]],"-") -> - | J47: =IF(I47>表格3[[#This Row],[欄2]],"多粉",IF(I47<表格3[[#This Row],[欄2]],"少粉","正確")) -> 正確 | K47: =I47-表格3[[#This Row],[欄2]] -> #VALUE!
B48: 46 | C48: - | D48: =IF(當前庫存!J49="","-",當前庫存!J49) -> 0 | E48: =IFERROR(VLOOKUP($C48,當前庫存!$C:$I,4,FALSE),"-") -> 0 | F48: =IFERROR(VLOOKUP($C48,烤漆色號編碼!$A:$D,4,FALSE)*表格3[[#This Row],[當前庫存]]+表格3[[#This Row],[欄1]],"-") -> - | I48: =IFERROR(VLOOKUP($C48,烤漆色號編碼!$A:$D,4,FALSE)*表格3[[#This Row],[箱數]]+表格3[[#This Row],[散粉]],"-") -> - | J48: =IF(I48>表格3[[#This Row],[欄2]],"多粉",IF(I48<表格3[[#This Row],[欄2]],"少粉","正確")) -> 正確 | K48: =I48-表格3[[#This Row],[欄2]] -> #VALUE!
B49: 47 | C49: - | D49: =IF(當前庫存!J50="","-",當前庫存!J50) -> 0 | E49: =IFERROR(VLOOKUP($C49,當前庫存!$C:$I,4,FALSE),"-") -> 0 | F49: =IFERROR(VLOOKUP($C49,烤漆色號編碼!$A:$D,4,FALSE)*表格3[[#This Row],[當前庫存]]+表格3[[#This Row],[欄1]],"-") -> - | I49: =IFERROR(VLOOKUP($C49,烤漆色號編碼!$A:$D,4,FALSE)*表格3[[#This Row],[箱數]]+表格3[[#This Row],[散粉]],"-") -> - | J49: =IF(I49>表格3[[#This Row],[欄2]],"多粉",IF(I49<表格3[[#This Row],[欄2]],"少粉","正確")) -> 正確 | K49: =I49-表格3[[#This Row],[欄2]] -> #VALUE!
B50: 48 | C50: - | D50: =IF(當前庫存!J51="","-",當前庫存!J51) -> 0 | E50: =IFERROR(VLOOKUP($C50,當前庫存!$C:$I,4,FALSE),"-") -> 0 | F50: =IFERROR(VLOOKUP($C50,烤漆色號編碼!$A:$D,4,FALSE)*表格3[[#This Row],[當前庫存]]+表格3[[#This Row],[欄1]],"-") -> - | I50: =IFERROR(VLOOKUP($C50,烤漆色號編碼!$A:$D,4,FALSE)*表格3[[#This Row],[箱數]]+表格3[[#This Row],[散粉]],"-") -> - | J50: =IF(I50>表格3[[#This Row],[欄2]],"多粉",IF(I50<表格3[[#This Row],[欄2]],"少粉","正確")) -> 正確 | K50: =I50-表格3[[#This Row],[欄2]] -> #VALUE!
B51: 49 | C51: - | D51: =IF(當前庫存!J52="","-",當前庫存!J52) -> 0 | E51: =IFERROR(VLOOKUP($C51,當前庫存!$C:$I,4,FALSE),"-") -> 0 | F51: =IFERROR(VLOOKUP($C51,烤漆色號編碼!$A:$D,4,FALSE)*表格3[[#This Row],[當前庫存]]+表格3[[#This Row],[欄1]],"-") -> - | I51: =IFERROR(VLOOKUP($C51,烤漆色號編碼!$A:$D,4,FALSE)*表格3[[#This Row],[箱數]]+表格3[[#This Row],[散粉]],"-") -> - | J51: =IF(I51>表格3[[#This Row],[欄2]],"多粉",IF(I51<表格3[[#This Row],[欄2]],"少粉","正確")) -> 正確 | K51: =I51-表格3[[#This Row],[欄2]] -> #VALUE!
B52: 50 | C52: - | D52: =IF(當前庫存!J53="","-",當前庫存!J53) -> 0 | E52: =IFERROR(VLOOKUP($C52,當前庫存!$C:$I,4,FALSE),"-") -> 0 | F52: =IFERROR(VLOOKUP($C52,烤漆色號編碼!$A:$D,4,FALSE)*表格3[[#This Row],[當前庫存]]+表格3[[#This Row],[欄1]],"-") -> - | I52: =IFERROR(VLOOKUP($C52,烤漆色號編碼!$A:$D,4,FALSE)*表格3[[#This Row],[箱數]]+表格3[[#This Row],[散粉]],"-") -> - | J52: =IF(I52>表格3[[#This Row],[欄2]],"多粉",IF(I52<表格3[[#This Row],[欄2]],"少粉","正確")) -> 正確 | K52: =I52-表格3[[#This Row],[欄2]] -> #VALUE!
B53: 51 | C53: - | D53: =IF(當前庫存!J54="","-",當前庫存!J54) -> 0 | E53: =IFERROR(VLOOKUP($C53,當前庫存!$C:$I,4,FALSE),"-") -> 0 | F53: =IFERROR(VLOOKUP($C53,烤漆色號編碼!$A:$D,4,FALSE)*表格3[[#This Row],[當前庫存]]+表格3[[#This Row],[欄1]],"-") -> - | I53: =IFERROR(VLOOKUP($C53,烤漆色號編碼!$A:$D,4,FALSE)*表格3[[#This Row],[箱數]]+表格3[[#This Row],[散粉]],"-") -> - | J53: =IF(I53>表格3[[#This Row],[欄2]],"多粉",IF(I53<表格3[[#This Row],[欄2]],"少粉","正確")) -> 正確 | K53: =I53-表格3[[#This Row],[欄2]] -> #VALUE!
... B100: 98 | C100: - | D100: =IF(當前庫存!J101="","-",當前庫存!J101) -> 0 | E100: =IFERROR(VLOOKUP($C100,當前庫存!$C:$I,4,FALSE),"-") -> 0 | F100: =IFERROR(VLOOKUP($C100,烤漆色號編碼!$A:$D,4,FALSE)*表格3[[#This Row],[當前庫存]]+表格3[[#This Row],[欄1]],"-") -> - | I100: =IFERROR(VLOOKUP($C100,烤漆色號編碼!$A:$D,4,FALSE)*表格3[[#This Row],[箱數]]+表格3[[#This Row],[散粉]],"-") -> - | J100: =IF(I100>表格3[[#This Row],[欄2]],"多粉",IF(I100<表格3[[#This Row],[欄2]],"少粉","正確")) -> 正確 | K100: =I100-表格3[[#This Row],[欄2]] -> #VALUE!
B101: 99 | D101: =IF(當前庫存!J102="","-",當前庫存!J102) -> 0 | E101: =IFERROR(VLOOKUP($C101,當前庫存!$C:$I,4,FALSE),"-") -> - | F101: =IFERROR(VLOOKUP($C101,烤漆色號編碼!$A:$D,4,FALSE)*表格3[[#This Row],[當前庫存]]+表格3[[#This Row],[欄1]],"-") -> - | I101: =IFERROR(VLOOKUP($C101,烤漆色號編碼!$A:$D,4,FALSE)*表格3[[#This Row],[箱數]]+表格3[[#This Row],[散粉]],"-") -> - | J101: =IF(I101>表格3[[#This Row],[欄2]],"多粉",IF(I101<表格3[[#This Row],[欄2]],"少粉","正確")) -> 正確 | K101: =I101-表格3[[#This Row],[欄2]] -> #VALUE!
D102: =IF(當前庫存!J103="","-",當前庫存!J103) -> 0 | E102: =IFERROR(VLOOKUP($C102,當前庫存!$C:$I,4,FALSE),"-") -> - | F102: =IFERROR(VLOOKUP($C102,烤漆色號編碼!$A:$D,4,FALSE)*表格3[[#This Row],[當前庫存]]+表格3[[#This Row],[欄1]],"-") -> - | I102: =IFERROR(VLOOKUP($C102,烤漆色號編碼!$A:$D,4,FALSE)*表格3[[#This Row],[箱數]]+表格3[[#This Row],[散粉]],"-") -> - | J102: =IF(I102>表格3[[#This Row],[欄2]],"多粉",IF(I102<表格3[[#This Row],[欄2]],"少粉","正確")) -> 正確 | K102: =I102-表格3[[#This Row],[欄2]] -> #VALUE!
E103: =IFERROR(VLOOKUP($C103,當前庫存!$C:$I,4,FALSE),"-") -> - | F103: =IFERROR(VLOOKUP($C103,烤漆色號編碼!$A:$D,4,FALSE)*表格3[[#This Row],[當前庫存]]+表格3[[#This Row],[欄1]],"-") -> - | I103: =IFERROR(VLOOKUP($C103,烤漆色號編碼!$A:$D,4,FALSE)*表格3[[#This Row],[箱數]]+表格3[[#This Row],[散粉]],"-") -> - | J103: =IF(I103>表格3[[#This Row],[欄2]],"多粉",IF(I103<表格3[[#This Row],[欄2]],"少粉","正確")) -> 正確 | K103: =I103-表格3[[#This Row],[欄2]] -> #VALUE!
E104: =IFERROR(VLOOKUP($C104,當前庫存!$C:$I,4,FALSE),"-") -> - | F104: =IFERROR(VLOOKUP($C104,烤漆色號編碼!$A:$D,4,FALSE)*表格3[[#This Row],[當前庫存]]+表格3[[#This Row],[欄1]],"-") -> - | I104: =IFERROR(VLOOKUP($C104,烤漆色號編碼!$A:$D,4,FALSE)*表格3[[#This Row],[箱數]]+表格3[[#This Row],[散粉]],"-") -> - | J104: =IF(I104>表格3[[#This Row],[欄2]],"多粉",IF(I104<表格3[[#This Row],[欄2]],"少粉","正確")) -> 正確 | K104: =I104-表格3[[#This Row],[欄2]] -> #VALUE!
E105: =IFERROR(VLOOKUP($C105,當前庫存!$C:$I,4,FALSE),"-") -> - | F105: =IFERROR(VLOOKUP($C105,烤漆色號編碼!$A:$D,4,FALSE)*表格3[[#This Row],[當前庫存]]+表格3[[#This Row],[欄1]],"-") -> - | I105: =IFERROR(VLOOKUP($C105,烤漆色號編碼!$A:$D,4,FALSE)*表格3[[#This Row],[箱數]]+表格3[[#This Row],[散粉]],"-") -> - | K105: =I105-表格3[[#This Row],[欄2]] -> #VALUE!

Sheet 期初庫存
D2: 紀錄表 | E2: 當前庫存 | F2: 採購入庫 | G2: 期初庫存
B3: NO: | C3: 粉號 | D3: 色系 | E3: 代號 | F3: 散粉(KG) | G3: 數量 | H3: 重量(KG) | I3: 盤點日期 | K3: NO: | L3: 粉號 | M3: 色系 | N3: 代號 | O3: 散粉(KG) | P3: 期初數量 | Q3: 重量(KG)
B4: 1 | C4: =IF(烤漆色號編碼!A2="","-",烤漆色號編碼!A2) -> DP-11485 | D4: =IF(烤漆色號編碼!C2="","-",烤漆色號編碼!C2) -> 白亮光 | E4: =IF(烤漆色號編碼!B2="","-",烤漆色號編碼!B2) -> WE | F4: =5+23+10 -> 38 | G4: 1 | H4: =IFERROR((G4*25)+F4,"-") -> 63 | K4: 1 | L4: =IF(烤漆色號編碼!K2="","-",烤漆色號編碼!K2) -> - | M4: =IF(烤漆色號編碼!M2="","-",烤漆色號編碼!M2) -> - | N4: =IF(烤漆色號編碼!L2="","-",烤漆色號編碼!L2) -> - | O4: 39 | P4: 19 | Q4: =(P4*25)+O4 -> 514
B5: 2 | C5: =IF(烤漆色號編碼!A3="","-",烤漆色號編碼!A3) -> DP-1856 | D5: =IF(烤漆色號編碼!C3="","-",烤漆色號編碼!C3) -> 灰白 | E5: =IF(烤漆色號編碼!B3="","-",烤漆色號編碼!B3) -> WE1 | F5: 12 | G5: 1 | H5: =IFERROR((G5*25)+F5,"-") -> 37 | K5: 2 | L5: =IF(烤漆色號編碼!K3="","-",烤漆色號編碼!K3) -> - | M5: =IF(烤漆色號編碼!M3="","-",烤漆色號編碼!M3) -> - | N5: =IF(烤漆色號編碼!L3="","-",烤漆色號編碼!L3) -> - | O5: 13 | P5: 1 | Q5: =(P5*25)+O5 -> 38
B6: 3 | C6: =IF(烤漆色號編碼!A4="","-",烤漆色號編碼!A4) -> O-5905 | D6: =IF(烤漆色號編碼!C4="","-",烤漆色號編碼!C4) -> 黃亮光 | E6: =IF(烤漆色號編碼!B4="","-",烤漆色號編碼!B4) -> 換粉 | F6: 0 | G6: 0 | H6: =IFERROR((G6*25)+F6,"-") -> 0 | K6: 3 | L6: =IF(烤漆色號編碼!K4="","-",烤漆色號編碼!K4) -> - | M6: =IF(烤漆色號編碼!M4="","-",烤漆色號編碼!M4) -> - | N6: =IF(烤漆色號編碼!L4="","-",烤漆色號編碼!L4) -> - | O6: 14 | P6: 1 | Q6: =(P6*25)+O6 -> 39
C7: =IF(烤漆色號編碼!A5="","-",烤漆色號編碼!A5) -> New O-5905 | D7: =IF(烤漆色號編碼!C5="","-",烤漆色號編碼!C5) -> 黃亮光 | E7: =IF(烤漆色號編碼!B5="","-",烤漆色號編碼!B5) -> 換粉 | F7: 7 | G7: 2 | H7: =IFERROR((G7*25)+F7,"-") -> 57 | L7: =IF(烤漆色號編碼!K5="","-",烤漆色號編碼!K5) -> - | M7: =IF(烤漆色號編碼!M5="","-",烤漆色號編碼!M5) -> - | N7: =IF(烤漆色號編碼!L5="","-",烤漆色號編碼!L5) -> - | O7: 16 | P7: 2 | Q7: =(P7*25)+O7 -> 66
B8: 4 | C8: =IF(烤漆色號編碼!A6="","-",烤漆色號編碼!A6) -> 790-41540H | D8: =IF(烤漆色號編碼!C6="","-",烤漆色號編碼!C6) -> 黃錘紋 | E8: =IF(烤漆色號編碼!B6="","-",烤漆色號編碼!B6) -> YWH | F8: =21+6 -> 27 | G8: 0 | H8: =IFERROR((G8*25)+F8,"-") -> 27 | K8: 4 | L8: =IF(烤漆色號編碼!K6="","-",烤漆色號編碼!K6) -> - | M8: =IF(烤漆色號編碼!M6="","-",烤漆色號編碼!M6) -> - | N8: =IF(烤漆色號編碼!L6="","-",烤漆色號編碼!L6) -> - | O8: 58 | P8: 1 | Q8: =(P8*25)+O8 -> 83
B9: 5 | C9: =IF(烤漆色號編碼!A7="","-",烤漆色號編碼!A7) -> 780-310AT | D9: =IF(烤漆色號編碼!C7="","-",烤漆色號編碼!C7) -> 法拉利紅 | E9: =IF(烤漆色號編碼!B7="","-",烤漆色號編碼!B7) -> RD | F9: 12 | G9: 3 | H9: =IFERROR((G9*25)+F9,"-") -> 87 | K9: 5 | L9: =IF(烤漆色號編碼!K7="","-",烤漆色號編碼!K7) -> - | M9: =IF(烤漆色號編碼!M7="","-",烤漆色號編碼!M7) -> - | N9: =IF(烤漆色號編碼!L7="","-",烤漆色號編碼!L7) -> - | P9: 2 | Q9: =(P9*25)+O9 -> 50
B10: 6 | C10: =IF(烤漆色號編碼!A8="","-",烤漆色號編碼!A8) -> LT-90442 | D10: =IF(烤漆色號編碼!C8="","-",烤漆色號編碼!C8) -> 藍色 | E10: =IF(烤漆色號編碼!B8="","-",烤漆色號編碼!B8) -> BE | F10: 3 | G10: 2 | H10: =IFERROR((G10*25)+F10,"-") -> 53 | K10: 6 | L10: =IF(烤漆色號編碼!K8="","-",烤漆色號編碼!K8) -> - | M10: =IF(烤漆色號編碼!M8="","-",烤漆色號編碼!M8) -> - | N10: =IF(烤漆色號編碼!L8="","-",烤漆色號編碼!L8) -> - | O10: 35 | Q10: =(P10*25)+O10 -> 35
B11: 7 | C11: =IF(烤漆色號編碼!A9="","-",烤漆色號編碼!A9) -> 770-739 | D11: =IF(烤漆色號編碼!C9="","-",烤漆色號編碼!C9) -> 豔藍-孔雀藍 | E11: =IF(烤漆色號編碼!B9="","-",烤漆色號編碼!B9) -> BEG | F11: 5 | G11: 5 | H11: =IFERROR((G11*25)+F11,"-") -> 130 | K11: 7 | L11: =IF(烤漆色號編碼!K9="","-",烤漆色號編碼!K9) -> - | M11: =IF(烤漆色號編碼!M9="","-",烤漆色號編碼!M9) -> - | N11: =IF(烤漆色號編碼!L9="","-",烤漆色號編碼!L9) -> - | O11: 6 | P11: 1 | Q11: =(P11*25)+O11 -> 31
B12: 8 | C12: =IF(烤漆色號編碼!A10="","-",烤漆色號編碼!A10) -> 4950-502 | D12: =IF(烤漆色號編碼!C10="","-",烤漆色號編碼!C10) -> 黑平光 | E12: =IF(烤漆色號編碼!B10="","-",烤漆色號編碼!B10) -> BK | F12: =16 -> 16 | G12: 6 | H12: =IFERROR((G12*25)+F12,"-") -> 166 | K12: 8 | L12: =IF(烤漆色號編碼!K10="","-",烤漆色號編碼!K10) -> - | M12: =IF(烤漆色號編碼!M10="","-",烤漆色號編碼!M10) -> - | N12: =IF(烤漆色號編碼!L10="","-",烤漆色號編碼!L10) -> - | O12: 15 | Q12: =(P12*25)+O12 -> 15
B13: 9 | C13: =IF(烤漆色號編碼!A11="","-",烤漆色號編碼!A11) -> EN-402T | D13: =IF(烤漆色號編碼!C11="","-",烤漆色號編碼!C11) -> 黑錘紋 | E13: =IF(烤漆色號編碼!B11="","-",烤漆色號編碼!B11) -> BKH | F13: =23 -> 23 | G13: 0 | H13: =IFERROR((G13*25)+F13,"-") -> 23 | K13: 9 | L13: =IF(烤漆色號編碼!K11="","-",烤漆色號編碼!K11) -> - | M13: =IF(烤漆色號編碼!M11="","-",烤漆色號編碼!M11) -> - | N13: =IF(烤漆色號編碼!L11="","-",烤漆色號編碼!L11) -> - | O13: 24 | P13: 1 | Q13: =(P13*25)+O13 -> 49
B14: 10 | C14: =IF(烤漆色號編碼!A12="","-",烤漆色號編碼!A12) -> K-91097G | D14: =IF(烤漆色號編碼!C12="","-",烤漆色號編碼!C12) -> 新黑砂 | E14: =IF(烤漆色號編碼!B12="","-",烤漆色號編碼!B12) -> BKS1 | F14: =21+4 -> 25 | G14: 28 | H14: =IFERROR((G14*25)+F14,"-") -> 725 | K14: 10 | L14: =IF(烤漆色號編碼!K12="","-",烤漆色號編碼!K12) -> - | M14: =IF(烤漆色號編碼!M12="","-",烤漆色號編碼!M12) -> - | N14: =IF(烤漆色號編碼!L12="","-",烤漆色號編碼!L12) -> - | O14: 27 | P14: 18 | Q14: =(P14*25)+O14 -> 477
B15: 11 | C15: =IF(烤漆色號編碼!A13="","-",烤漆色號編碼!A13) -> 780-45510H | D15: =IF(烤漆色號編碼!C13="","-",烤漆色號編碼!C13) -> 黑砂 | E15: =IF(烤漆色號編碼!B13="","-",烤漆色號編碼!B13) -> 換粉 | F15: 0 | G15: 0 | H15: =IFERROR((G15*25)+F15,"-") -> 0 | K15: 11 | L15: =IF(烤漆色號編碼!K13="","-",烤漆色號編碼!K13) -> - | M15: =IF(烤漆色號編碼!M13="","-",烤漆色號編碼!M13) -> - | N15: =IF(烤漆色號編碼!L13="","-",烤漆色號編碼!L13) -> - | Q15: =(P15*25)+O15 -> 0
B16: 12 | C16: =IF(烤漆色號編碼!A14="","-",烤漆色號編碼!A14) -> 4605-505 | D16: =IF(烤漆色號編碼!C14="","-",烤漆色號編碼!C14) -> 消光黑 | E16: =IF(烤漆色號編碼!B14="","-",烤漆色號編碼!B14) -> EBK | F16: =12 -> 12 | G16: 4 | H16: =IFERROR((G16*25)+F16,"-") -> 112 | K16: 12 | L16: =IF(烤漆色號編碼!K14="","-",烤漆色號編碼!K14) -> - | M16: =IF(烤漆色號編碼!M14="","-",烤漆色號編碼!M14) -> - | N16: =IF(烤漆色號編碼!L14="","-",烤漆色號編碼!L14) -> - | O16: 22 | Q16: =(P16*25)+O16 -> 22
B17: 13 | C17: =IF(烤漆色號編碼!A15="","-",烤漆色號編碼!A15) -> O-9850GSNB | D17: =IF(烤漆色號編碼!C15="","-",烤漆色號編碼!C15) -> 黑砂閃銀 | E17: =IF(烤漆色號編碼!B15="","-",烤漆色號編碼!B15) -> BKSA | F17: =24+21+20 -> 65 | G17: 1 | H17: =IFERROR((G17*25)+F17,"-") -> 90 | K17: 13 | L17: =IF(烤漆色號編碼!K15="","-",烤漆色號編碼!K15) -> - | M17: =IF(烤漆色號編碼!M15="","-",烤漆色號編碼!M15) -> - | N17: =IF(烤漆色號編碼!L15="","-",烤漆色號編碼!L15) -> - | O17: 23 | P17: 3 | Q17: =(P17*25)+O17 -> 98
B18: 14 | C18: =IF(烤漆色號編碼!A16="","-",烤漆色號編碼!A16) -> K-9287S | D18: =IF(烤漆色號編碼!C16="","-",烤漆色號編碼!C16) -> 黑閃銀 | E18: =IF(烤漆色號編碼!B16="","-",烤漆色號編碼!B16) -> BKSA1 | F18: 8 | G18: 2 | H18: =IFERROR((G18*25)+F18,"-") -> 58 | K18: 14 | L18: =IF(烤漆色號編碼!K16="","-",烤漆色號編碼!K16) -> - | M18: =IF(烤漆色號編碼!M16="","-",烤漆色號編碼!M16) -> - | N18: =IF(烤漆色號編碼!L16="","-",烤漆色號編碼!L16) -> - | O18: 7 | P18: 2 | Q18: =(P18*25)+O18 -> 57
B19: 15 | C19: =IF(烤漆色號編碼!A17="","-",烤漆色號編碼!A17) -> EL-0365T | D19: =IF(烤漆色號編碼!C17="","-",烤漆色號編碼!C17) -> 鐵灰砂 | E19: =IF(烤漆色號編碼!B17="","-",烤漆色號編碼!B17) -> IGS | F19: 24 | G19: 7 | H19: =IFERROR((G19*25)+F19,"-") -> 199 | K19: 15 | L19: =IF(烤漆色號編碼!K17="","-",烤漆色號編碼!K17) -> - | M19: =IF(烤漆色號編碼!M17="","-",烤漆色號編碼!M17) -> - | N19: =IF(烤漆色號編碼!L17="","-",烤漆色號編碼!L17) -> - | O19: 42 | P19: 9 | Q19: =(P19*25)+O19 -> 267
B20: 16 | C20: =IF(烤漆色號編碼!A18="","-",烤漆色號編碼!A18) -> O-22170G | D20: =IF(烤漆色號編碼!C18="","-",烤漆色號編碼!C18) -> 深灰砂 | E20: =IF(烤漆色號編碼!B18="","-",烤漆色號編碼!B18) -> DGS | F20: 17 | G20: 8 | H20: =IFERROR((G20*25)+F20,"-") -> 217 | K20: 16 | L20: =IF(烤漆色號編碼!K18="","-",烤漆色號編碼!K18) -> - | M20: =IF(烤漆色號編碼!M18="","-",烤漆色號編碼!M18) -> - | N20: =IF(烤漆色號編碼!L18="","-",烤漆色號編碼!L18) -> - | O20: 36 | P20: 4 | Q20: =(P20*25)+O20 -> 136
B21: 17 | C21: =IF(烤漆色號編碼!A19="","-",烤漆色號編碼!A19) -> O-200SB | D21: =IF(烤漆色號編碼!C19="","-",烤漆色號編碼!C19) -> 閃銀 | E21: =IF(烤漆色號編碼!B19="","-",烤漆色號編碼!B19) -> 無粉 | F21: 0 | G21: 0 | H21: =IFERROR((G21*25)+F21,"-") -> 0 | K21: 17 | L21: =IF(烤漆色號編碼!K19="","-",烤漆色號編碼!K19) -> - | M21: =IF(烤漆色號編碼!M19="","-",烤漆色號編碼!M19) -> - | N21: =IF(烤漆色號編碼!L19="","-",烤漆色號編碼!L19) -> - | Q21: =(P21*25)+O21 -> 0
B22: 18 | C22: =IF(烤漆色號編碼!A20="","-",烤漆色號編碼!A20) -> K-5257CSB | D22: =IF(烤漆色號編碼!C20="","-",烤漆色號編碼!C20) -> 新閃銀 | E22: =IF(烤漆色號編碼!B20="","-",烤漆色號編碼!B20) -> 換粉 | F22: =23+11+10 -> 44 | G22: 2 | H22: =IFERROR((G22*25)+F22,"-") -> 94 | K22: 18 | L22: =IF(烤漆色號編碼!K20="","-",烤漆色號編碼!K20) -> - | M22: =IF(烤漆色號編碼!M20="","-",烤漆色號編碼!M20) -> - | N22: =IF(烤漆色號編碼!L20="","-",烤漆色號編碼!L20) -> - | O22: 29 | P22: 3 | Q22: =(P22*25)+O22 -> 104
B23: 19 | C23: =IF(烤漆色號編碼!A21="","-",烤漆色號編碼!A21) -> K-4654 | D23: =IF(烤漆色號編碼!C21="","-",烤漆色號編碼!C21) -> 紫色 | E23: =IF(烤漆色號編碼!B21="","-",烤漆色號編碼!B21) -> PEL | F23: =16+12+6 -> 34 | G23: 2 | H23: =IFERROR((G23*25)+F23,"-") -> 84 | K23: 19 | L23: =IF(烤漆色號編碼!K21="","-",烤漆色號編碼!K21) -> - | M23: =IF(烤漆色號編碼!M21="","-",烤漆色號編碼!M21) -> - | N23: =IF(烤漆色號編碼!L21="","-",烤漆色號編碼!L21) -> - | O23: 37 | P23: 2 | Q23: =(P23*25)+O23 -> 87
B24: 20 | C24: =IF(烤漆色號編碼!A22="","-",烤漆色號編碼!A22) -> 780-9B65 | D24: =IF(烤漆色號編碼!C22="","-",烤漆色號編碼!C22) -> 銀灰 | E24: =IF(烤漆色號編碼!B22="","-",烤漆色號編碼!B22) -> ATG | F24: 21 | G24: 3 | H24: =IFERROR((G24*25)+F24,"-") -> 96 | K24: 20 | L24: =IF(烤漆色號編碼!K22="","-",烤漆色號編碼!K22) -> - | M24: =IF(烤漆色號編碼!M22="","-",烤漆色號編碼!M22) -> - | N24: =IF(烤漆色號編碼!L22="","-",烤漆色號編碼!L22) -> - | Q24: =(P24*25)+O24 -> 0
B25: 20 | C25: =IF(烤漆色號編碼!A23="","-",烤漆色號編碼!A23) -> 780-9Q70 | D25: =IF(烤漆色號編碼!C23="","-",烤漆色號編碼!C23) -> 銀灰 | E25: =IF(烤漆色號編碼!B23="","-",烤漆色號編碼!B23) -> ATG | F25: 0 | G25: 0 | H25: =IFERROR((G25*25)+F25,"-") -> 0 | K25: 20 | L25: =IF(烤漆色號編碼!K23="","-",烤漆色號編碼!K23) -> - | M25: =IF(烤漆色號編碼!M23="","-",烤漆色號編碼!M23) -> - | N25: =IF(烤漆色號編碼!L23="","-",烤漆色號編碼!L23) -> - | Q25: =(P25*25)+O25 -> 0
B26: 21 | C26: =IF(烤漆色號編碼!A24="","-",烤漆色號編碼!A24) -> 780-6902 | D26: =IF(烤漆色號編碼!C24="","-",烤漆色號編碼!C24) -> 綠色 | E26: =IF(烤漆色號編碼!B24="","-",烤漆色號編碼!B24) -> GN | F26: 12 | G26: 2 | H26: =IFERROR((G26*25)+F26,"-") -> 62 | K26: 21 | L26: =IF(烤漆色號編碼!K24="","-",烤漆色號編碼!K24) -> - | M26: =IF(烤漆色號編碼!M24="","-",烤漆色號編碼!M24) -> - | N26: =IF(烤漆色號編碼!L24="","-",烤漆色號編碼!L24) -> - | O26: 16 | P26: 3 | Q26: =(P26*25)+O26 -> 91
B27: 22 | C27: =IF(烤漆色號編碼!A25="","-",烤漆色號編碼!A25) -> A-10067 | D27: =IF(烤漆色號編碼!C25="","-",烤漆色號編碼!C25) -> 橘色 | E27: =IF(烤漆色號編碼!B25="","-",烤漆色號編碼!B25) -> OE | F27: =26+24+21 -> 71 | G27: 1 | H27: =IFERROR((G27*25)+F27,"-") -> 96 | K27: 22 | L27: =IF(烤漆色號編碼!K25="","-",烤漆色號編碼!K25) -> - | M27: =IF(烤漆色號編碼!M25="","-",烤漆色號編碼!M25) -> - | N27: =IF(烤漆色號編碼!L25="","-",烤漆色號編碼!L25) -> - | O27: 46 | P27: 2 | Q27: =(P27*25)+O27 -> 96
B28: 23 | C28: =IF(烤漆色號編碼!A26="","-",烤漆色號編碼!A26) -> 4605-702A | D28: =IF(烤漆色號編碼!C26="","-",烤漆色號編碼!C26) -> 鐵灰 | E28: =IF(烤漆色號編碼!B26="","-",烤漆色號編碼!B26) -> IG | F28: 12 | G28: 0 | H28: =IFERROR((G28*25)+F28,"-") -> 12 | K28: 23 | L28: =IF(烤漆色號編碼!K26="","-",烤漆色號編碼!K26) -> - | M28: =IF(烤漆色號編碼!M26="","-",烤漆色號編碼!M26) -> - | N28: =IF(烤漆色號編碼!L26="","-",烤漆色號編碼!L26) -> - | O28: 22 | Q28: =(P28*25)+O28 -> 22
B29: 24 | C29: =IF(烤漆色號編碼!A27="","-",烤漆色號編碼!A27) -> 4900-246 | D29: =IF(烤漆色號編碼!C27="","-",烤漆色號編碼!C27) -> 鵝黃色 | E29: =IF(烤漆色號編碼!B27="","-",烤漆色號編碼!B27) -> GYW | F29: 22 | G29: 0 | H29: =IFERROR((G29*25)+F29,"-") -> 22 | K29: 24 | L29: =IF(烤漆色號編碼!K27="","-",烤漆色號編碼!K27) -> - | M29: =IF(烤漆色號編碼!M27="","-",烤漆色號編碼!M27) -> - | N29: =IF(烤漆色號編碼!L27="","-",烤漆色號編碼!L27) -> - | O29: 22 | Q29: =(P29*25)+O29 -> 22
B30: 25 | C30: =IF(烤漆色號編碼!A28="","-",烤漆色號編碼!A28) -> 4900-149 | D30: =IF(烤漆色號編碼!C28="","-",烤漆色號編碼!C28) -> 粉紅色 | E30: =IF(烤漆色號編碼!B28="","-",烤漆色號編碼!B28) -> PK | F30: 4 | G30: 2 | H30: =IFERROR((G30*25)+F30,"-") -> 54 | K30: 25 | L30: =IF(烤漆色號編碼!K28="","-",烤漆色號編碼!K28) -> - | M30: =IF(烤漆色號編碼!M28="","-",烤漆色號編碼!M28) -> - | N30: =IF(烤漆色號編碼!L28="","-",烤漆色號編碼!L28) -> - | O30: 34 | Q30: =(P30*25)+O30 -> 34
B31: 26 | C31: =IF(烤漆色號編碼!A29="","-",烤漆色號編碼!A29) -> K-5510SCB | D31: =IF(烤漆色號編碼!C29="","-",烤漆色號編碼!C29) -> 黃金閃銀 | E31: =IF(烤漆色號編碼!B29="","-",烤漆色號編碼!B29) -> GSAT | F31: 9 | G31: 0 | H31: =IFERROR((G31*25)+F31,"-") -> 9 | K31: 26 | L31: =IF(烤漆色號編碼!K29="","-",烤漆色號編碼!K29) -> - | M31: =IF(烤漆色號編碼!M29="","-",烤漆色號編碼!M29) -> - | N31: =IF(烤漆色號編碼!L29="","-",烤漆色號編碼!L29) -> - | O31: 9 | Q31: =(P31*25)+O31 -> 9
B32: 27 | C32: =IF(烤漆色號編碼!A30="","-",烤漆色號編碼!A30) -> O-5337H | D32: =IF(烤漆色號編碼!C30="","-",烤漆色號編碼!C30) -> 黃錘紋 | E32: =IF(烤漆色號編碼!B30="","-",烤漆色號編碼!B30) -> YWH | F32: 0 | G32: 0 | H32: =IFERROR((G32*25)+F32,"-") -> 0 | K32: 27 | L32: =IF(烤漆色號編碼!K30="","-",烤漆色號編碼!K30) -> - | M32: =IF(烤漆色號編碼!M30="","-",烤漆色號編碼!M30) -> - | N32: =IF(烤漆色號編碼!L30="","-",烤漆色號編碼!L30) -> - | O32: 18 | Q32: =(P32*25)+O32 -> 18
B33: 28 | C33: =IF(烤漆色號編碼!A31="","-",烤漆色號編碼!A31) -> E-BY112 | D33: =IF(烤漆色號編碼!C31="","-",烤漆色號編碼!C31) -> 灰色 | E33: =IF(烤漆色號編碼!B31="","-",烤漆色號編碼!B31) -> ATG | F33: 0 | G33: 0 | H33: =IFERROR((G33*25)+F33,"-") -> 0 | K33: 28 | L33: =IF(烤漆色號編碼!K31="","-",烤漆色號編碼!K31) -> - | M33: =IF(烤漆色號編碼!M31="","-",烤漆色號編碼!M31) -> - | N33: =IF(烤漆色號編碼!L31="","-",烤漆色號編碼!L31) -> - | O33: 31 | Q33: =(P33*25)+O33 -> 31
B34: 29 | C34: =IF(烤漆色號編碼!A32="","-",烤漆色號編碼!A32) -> BP-133S | D34: =IF(烤漆色號編碼!C32="","-",烤漆色號編碼!C32) -> 閃銀 | E34: =IF(烤漆色號編碼!B32="","-",烤漆色號編碼!B32) -> SAT2 | F34: 9 | G34: 4 | H34: =IFERROR((G34*25)+F34,"-") -> 109 | K34: 29 | L34: =IF(烤漆色號編碼!K41="","-",烤漆色號編碼!K41) -> - | M34: =IF(烤漆色號編碼!M41="","-",烤漆色號編碼!M41) -> - | N34: =IF(烤漆色號編碼!L41="","-",烤漆色號編碼!L41) -> -
B35: 30 | C35: =IF(烤漆色號編碼!A33="","-",烤漆色號編碼!A33) -> PC-20537Y | D35: =IF(烤漆色號編碼!C33="","-",烤漆色號編碼!C33) -> 灰平光 | E35: =IF(烤漆色號編碼!B33="","-",烤漆色號編碼!B33) -> ATG | F35: 6 | G35: 0 | H35: =IFERROR((G35*25)+F35,"-") -> 6 | K35: 30 | L35: =IF(烤漆色號編碼!K42="","-",烤漆色號編碼!K42) -> - | M35: =IF(烤漆色號編碼!M42="","-",烤漆色號編碼!M42) -> - | N35: =IF(烤漆色號編碼!L42="","-",烤漆色號編碼!L42) -> -
B36: 31 | C36: =IF(烤漆色號編碼!A34="","-",烤漆色號編碼!A34) -> 008/2H056 | D36: =IF(烤漆色號編碼!C34="","-",烤漆色號編碼!C34) -> 黃亮光 | E36: =IF(烤漆色號編碼!B34="","-",烤漆色號編碼!B34) -> YW1 | F36: =21+5 -> 26 | G36: 1 | H36: =IFERROR((G36*25)+F36,"-") -> 51 | K36: 31 | L36: =IF(烤漆色號編碼!K43="","-",烤漆色號編碼!K43) -> - | M36: =IF(烤漆色號編碼!M43="","-",烤漆色號編碼!M43) -> - | N36: =IF(烤漆色號編碼!L43="","-",烤漆色號編碼!L43) -> -
B37: 32 | C37: =IF(烤漆色號編碼!A35="","-",烤漆色號編碼!A35) -> 008/1H174 | D37: =IF(烤漆色號編碼!C35="","-",烤漆色號編碼!C35) -> 白亮光 | E37: =IF(烤漆色號編碼!B35="","-",烤漆色號編碼!B35) -> WE2 | F37: 6 | G37: 6 | H37: =IFERROR((G37*25)+F37,"-") -> 156 | K37: 32 | L37: - | M37: - | N37: - | O37: - | P37: =Q37/25 -> 0
B38: 33 | C38: =IF(烤漆色號編碼!A36="","-",烤漆色號編碼!A36) -> O-58057 | D38: =IF(烤漆色號編碼!C36="","-",烤漆色號編碼!C36) -> 橘色 | E38: =IF(烤漆色號編碼!B36="","-",烤漆色號編碼!B36) -> OE1 | F38: =8+3+1 -> 12 | G38: 0 | H38: =IFERROR((G38*25)+F38,"-") -> 12 | K38: 33 | L38: - | M38: - | N38: - | O38: - | P38: =Q38/25 -> 0
B39: 34 | C39: =IF(烤漆色號編碼!A37="","-",烤漆色號編碼!A37) -> K-7618 | D39: =IF(烤漆色號編碼!C37="","-",烤漆色號編碼!C37) -> 青綠色 | E39: =IF(烤漆色號編碼!B37="","-",烤漆色號編碼!B37) -> FGN | F39: 19 | G39: 4 | H39: =IFERROR((G39*25)+F39,"-") -> 119 | K39: 34 | L39: - | M39: - | N39: - | O39: - | P39: =Q39/25 -> 0
B40: 35 | C40: =IF(烤漆色號編碼!A38="","-",烤漆色號編碼!A38) -> 008/35624 | D40: =IF(烤漆色號編碼!C38="","-",烤漆色號編碼!C38) -> 橘色 | E40: =IF(烤漆色號編碼!B38="","-",烤漆色號編碼!B38) -> OE2 | F40: 20 | G40: 0 | H40: =IFERROR((G40*25)+F40,"-") -> 20 | K40: 35 | L40: - | M40: - | N40: - | O40: - | P40: =Q40/25 -> 0
B41: 36 | C41: =IF(烤漆色號編碼!A39="","-",烤漆色號編碼!A39) -> 780-7847AT | D41: =IF(烤漆色號編碼!C39="","-",烤漆色號編碼!C39) -> 深藍 | E41: =IF(烤漆色號編碼!B39="","-",烤漆色號編碼!B39) -> DBE | F41: 0 | G41: 0 | H41: =IFERROR((G41*25)+F41,"-") -> 0 | K41: 36 | L41: - | M41: - | N41: - | O41: - | P41: =Q41/25 -> 0
B42: 37 | C42: =IF(烤漆色號編碼!A40="","-",烤漆色號編碼!A40) -> 07146D | D42: =IF(烤漆色號編碼!C40="","-",烤漆色號編碼!C40) -> 白色 | E42: =IF(烤漆色號編碼!B40="","-",烤漆色號編碼!B40) -> WE | F42: =20+16 -> 36 | G42: 5 | H42: =IFERROR((G42*25)+F42,"-") -> 161 | K42: 37 | L42: - | M42: - | N42: - | O42: - | P42: =Q42/25 -> 0
B43: 38 | D43: =IF(烤漆色號編碼!C49="","-",烤漆色號編碼!C49) -> - | E43: =IF(烤漆色號編碼!B49="","-",烤漆色號編碼!B49) -> - | H43: =IFERROR((G43*25)+F43,"-") -> 0 | K43: 38 | L43: - | M43: - | N43: - | O43: - | P43: =Q43/25 -> 0
B44: 39 | D44: =IF(烤漆色號編碼!C50="","-",烤漆色號編碼!C50) -> - | E44: =IF(烤漆色號編碼!B50="","-",烤漆色號編碼!B50) -> - | H44: =IFERROR((G44*25)+F44,"-") -> 0 | K44: 39 | L44: - | M44: - | N44: - | O44: - | P44: =Q44/25 -> 0
B45: 40 | D45: =IF(烤漆色號編碼!C51="","-",烤漆色號編碼!C51) -> - | E45: =IF(烤漆色號編碼!B51="","-",烤漆色號編碼!B51) -> - | H45: =IFERROR((G45*25)+F45,"-") -> 0 | K45: 40 | L45: - | M45: - | N45: - | O45: - | P45: =Q45/25 -> 0
B46: 41 | D46: =IF(烤漆色號編碼!C52="","-",烤漆色號編碼!C52) -> - | E46: =IF(烤漆色號編碼!B52="","-",烤漆色號編碼!B52) -> - | H46: =IFERROR((G46*25)+F46,"-") -> 0 | K46: 41 | L46: - | M46: - | N46: - | O46: - | P46: =Q46/25 -> 0
B47: 42 | D47: =IF(烤漆色號編碼!C53="","-",烤漆色號編碼!C53) -> - | E47: =IF(烤漆色號編碼!B53="","-",烤漆色號編碼!B53) -> - | H47: =IFERROR((G47*25)+F47,"-") -> 0 | K47: 42 | L47: - | M47: - | N47: - | O47: - | P47: =Q47/25 -> 0
B48: 43 | D48: =IF(烤漆色號編碼!C54="","-",烤漆色號編碼!C54) -> - | E48: =IF(烤漆色號編碼!B54="","-",烤漆色號編碼!B54) -> - | H48: =IFERROR((G48*25)+F48,"-") -> 0 | K48: 43 | L48: - | M48: - | N48: - | O48: - | P48: =Q48/25 -> 0
B49: 44 | D49: =IF(烤漆色號編碼!C55="","-",烤漆色號編碼!C55) -> - | E49: =IF(烤漆色號編碼!B55="","-",烤漆色號編碼!B55) -> - | H49: =IFERROR((G49*25)+F49,"-") -> 0 | K49: 44 | L49: - | M49: - | N49: - | O49: - | P49: =Q49/25 -> 0
B50: 45 | D50: =IF(烤漆色號編碼!C56="","-",烤漆色號編碼!C56) -> - | E50: =IF(烤漆色號編碼!B56="","-",烤漆色號編碼!B56) -> - | H50: =IFERROR((G50*25)+F50,"-") -> 0 | K50: 45 | L50: - | M50: - | N50: - | O50: - | P50: =Q50/25 -> 0
B51: 46 | D51: =IF(烤漆色號編碼!C57="","-",烤漆色號編碼!C57) -> - | E51: =IF(烤漆色號編碼!B57="","-",烤漆色號編碼!B57) -> - | H51: =IFERROR((G51*25)+F51,"-") -> 0 | K51: 46 | L51: - | M51: - | N51: - | O51: - | P51: =Q51/25 -> 0
B52: 47 | D52: =IF(烤漆色號編碼!C58="","-",烤漆色號編碼!C58) -> - | E52: =IF(烤漆色號編碼!B58="","-",烤漆色號編碼!B58) -> - | H52: =IFERROR((G52*25)+F52,"-") -> 0 | K52: 47 | L52: - | M52: - | N52: - | O52: - | P52: =Q52/25 -> 0
B53: 48 | D53: =IF(烤漆色號編碼!C59="","-",烤漆色號編碼!C59) -> - | E53: =IF(烤漆色號編碼!B59="","-",烤漆色號編碼!B59) -> - | H53: =IFERROR((G53*25)+F53,"-") -> 0 | K53: 48 | L53: - | M53: - | N53: - | O53: - | P53: =Q53/25 -> 0
B54: 49 | D54: =IF(烤漆色號編碼!C60="","-",烤漆色號編碼!C60) -> - | E54: =IF(烤漆色號編碼!B60="","-",烤漆色號編碼!B60) -> - | H54: =IFERROR((G54*25)+F54,"-") -> 0 | K54: 49 | L54: - | M54: - | N54: - | O54: - | P54: =Q54/25 -> 0
... B83: 78 | D83: =IF(烤漆色號編碼!C89="","-",烤漆色號編碼!C89) -> - | E83: =IF(烤漆色號編碼!B89="","-",烤漆色號編碼!B89) -> - | H83: =IFERROR((G83*25)+F83,"-") -> 0 | K83: 78 | L83: - | M83: - | N83: - | O83: - | P83: =Q83/25 -> 0
B84: 79 | D84: =IF(烤漆色號編碼!C90="","-",烤漆色號編碼!C90) -> - | E84: =IF(烤漆色號編碼!B90="","-",烤漆色號編碼!B90) -> - | H84: =IFERROR((G84*25)+F84,"-") -> 0 | K84: 79 | L84: - | M84: - | N84: - | O84: -
B85: 80 | D85: =IF(烤漆色號編碼!C91="","-",烤漆色號編碼!C91) -> - | E85: =IF(烤漆色號編碼!B91="","-",烤漆色號編碼!B91) -> - | H85: =IFERROR((G85*25)+F85,"-") -> 0
B86: 81 | D86: =IF(烤漆色號編碼!C92="","-",烤漆色號編碼!C92) -> - | E86: =IF(烤漆色號編碼!B92="","-",烤漆色號編碼!B92) -> - | H86: =IFERROR((G86*25)+F86,"-") -> 0
B87: 82 | D87: =IF(烤漆色號編碼!C93="","-",烤漆色號編碼!C93) -> - | E87: =IF(烤漆色號編碼!B93="","-",烤漆色號編碼!B93) -> - | H87: =IFERROR((G87*25)+F87,"-") -> 0
B88: 83 | D88: =IF(烤漆色號編碼!C94="","-",烤漆色號編碼!C94) -> - | E88: =IF(烤漆色號編碼!B94="","-",烤漆色號編碼!B94) -> - | H88: =IFERROR((F88*25)+G88,"-") -> 0
B89: 84 | D89: =IF(烤漆色號編碼!C95="","-",烤漆色號編碼!C95) -> - | E89: =IF(烤漆色號編碼!B95="","-",烤漆色號編碼!B95) -> - | H89: =IFERROR((F89*25)+G89,"-") -> 0
B90: 85 | D90: =IF(烤漆色號編碼!C96="","-",烤漆色號編碼!C96) -> - | E90: =IF(烤漆色號編碼!B96="","-",烤漆色號編碼!B96) -> - | H90: =IFERROR((F90*25)+G90,"-") -> 0
B91: 86 | D91: =IF(烤漆色號編碼!C97="","-",烤漆色號編碼!C97) -> - | E91: =IF(烤漆色號編碼!B97="","-",烤漆色號編碼!B97) -> - | H91: =IFERROR((F91*25)+G91,"-") -> 0
B92: 87 | D92: =IF(烤漆色號編碼!C98="","-",烤漆色號編碼!C98) -> - | E92: =IF(烤漆色號編碼!B98="","-",烤漆色號編碼!B98) -> - | H92: =IFERROR((F92*25)+G92,"-") -> 0
B93: 88 | D93: =IF(烤漆色號編碼!C99="","-",烤漆色號編碼!C99) -> - | E93: =IF(烤漆色號編碼!B99="","-",烤漆色號編碼!B99) -> - | H93: =IFERROR((F93*25)+G93,"-") -> 0
B94: 89 | D94: =IF(烤漆色號編碼!C100="","-",烤漆色號編碼!C100) -> - | E94: =IF(烤漆色號編碼!B100="","-",烤漆色號編碼!B100) -> - | H94: =IFERROR((F94*25)+G94,"-") -> 0
B95: 90 | D95: =IF(烤漆色號編碼!C101="","-",烤漆色號編碼!C101) -> - | E95: =IF(烤漆色號編碼!B101="","-",烤漆色號編碼!B101) -> - | H95: =IFERROR((F95*25)+G95,"-") -> 0
B96: 91 | D96: =IF(烤漆色號編碼!C102="","-",烤漆色號編碼!C102) -> - | E96: =IF(烤漆色號編碼!B102="","-",烤漆色號編碼!B102) -> - | H96: =IFERROR((F96*25)+G96,"-") -> 0
B97: 92 | D97: =IF(烤漆色號編碼!C103="","-",烤漆色號編碼!C103) -> - | E97: =IF(烤漆色號編碼!B103="","-",烤漆色號編碼!B103) -> - | H97: =IFERROR((F97*25)+G97,"-") -> 0
B98: 93 | D98: =IF(烤漆色號編碼!C104="","-",烤漆色號編碼!C104) -> - | E98: =IF(烤漆色號編碼!B104="","-",烤漆色號編碼!B104) -> - | H98: =IFERROR((F98*25)+G98,"-") -> 0
B99: 94 | D99: =IF(烤漆色號編碼!C105="","-",烤漆色號編碼!C105) -> - | E99: =IF(烤漆色號編碼!B105="","-",烤漆色號編碼!B105) -> - | H99: =IFERROR((F99*25)+G99,"-") -> 0
... B205: 200 | D205: =IF(烤漆色號編碼!C211="","-",烤漆色號編碼!C211) -> - | E205: =IF(烤漆色號編碼!B211="","-",烤漆色號編碼!B211) -> - | H205: =IFERROR((F205*25)+G205,"-") -> 0
D206: -
D207: -
D208: -
D209: -
D210: -
D211: -
D212: -
D213: -
D214: -
D215: -
D216: -
D217: -
... D1005: -

Sheet 歸還
D2: 紀錄表 | E2: 當前庫存 | F2: 期初庫存 | G2: 歸還
B3: NO: | C3: 日期 | D3: 粉號 | E3: 色系 | F3: 代號 | G3: 數量/箱 | H3: 散粉 | I3: 總重KG | J3: 辅助年 | K3: 辅助月
B4: 1 | E4: =IFERROR(VLOOKUP($D4,烤漆色號編碼!$A:$C,3,FALSE),"-") -> - | F4: =IFERROR(VLOOKUP($D4,烤漆色號編碼!$A:$C,2,FALSE),"-") -> - | G4: 1 | H4: 12 | I4: =IFERROR(VLOOKUP($D4,烤漆色號編碼!$A:$D,4,FALSE)*G4+H4,"-") -> - | J4: 2025 | K4: 12
B5: 2 | E5: =IFERROR(VLOOKUP($D5,烤漆色號編碼!$A:$C,3,FALSE),"-") -> - | F5: =IFERROR(VLOOKUP($D5,烤漆色號編碼!$A:$C,2,FALSE),"-") -> - | I5: =IFERROR(VLOOKUP($D5,烤漆色號編碼!$A:$D,4,FALSE)*G5+H5,"-") -> - | J5: 2025 | K5: 12
B6: 3 | E6: =IFERROR(VLOOKUP($D6,烤漆色號編碼!$A:$C,3,FALSE),"-") -> - | F6: =IFERROR(VLOOKUP($D6,烤漆色號編碼!$A:$C,2,FALSE),"-") -> - | I6: =IFERROR(VLOOKUP($D6,烤漆色號編碼!$A:$D,4,FALSE)*G6+H6,"-") -> - | J6: 2025 | K6: 12
B7: 4 | E7: =IFERROR(VLOOKUP($D7,烤漆色號編碼!$A:$C,3,FALSE),"-") -> - | F7: =IFERROR(VLOOKUP($D7,烤漆色號編碼!$A:$C,2,FALSE),"-") -> - | I7: =IFERROR(VLOOKUP($D7,烤漆色號編碼!$A:$D,4,FALSE)*G7+H7,"-") -> - | J7: 2025 | K7: 12
B8: 5 | E8: =IFERROR(VLOOKUP($D8,烤漆色號編碼!$A:$C,3,FALSE),"-") -> - | F8: =IFERROR(VLOOKUP($D8,烤漆色號編碼!$A:$C,2,FALSE),"-") -> - | I8: =IFERROR(VLOOKUP($D8,烤漆色號編碼!$A:$D,4,FALSE)*G8+H8,"-") -> - | J8: 2025 | K8: 12
B9: 6 | E9: =IFERROR(VLOOKUP($D9,烤漆色號編碼!$A:$C,3,FALSE),"-") -> - | F9: =IFERROR(VLOOKUP($D9,烤漆色號編碼!$A:$C,2,FALSE),"-") -> - | I9: =IFERROR(VLOOKUP($D9,烤漆色號編碼!$A:$D,4,FALSE)*G9+H9,"-") -> - | J9: 2025 | K9: 12
B10: 7 | E10: =IFERROR(VLOOKUP($D10,烤漆色號編碼!$A:$C,3,FALSE),"-") -> - | F10: =IFERROR(VLOOKUP($D10,烤漆色號編碼!$A:$C,2,FALSE),"-") -> - | I10: =IFERROR(VLOOKUP($D10,烤漆色號編碼!$A:$D,4,FALSE)*G10+H10,"-") -> - | J10: 2025 | K10: 12
B11: 8 | E11: =IFERROR(VLOOKUP($D11,烤漆色號編碼!$A:$C,3,FALSE),"-") -> - | F11: =IFERROR(VLOOKUP($D11,烤漆色號編碼!$A:$C,2,FALSE),"-") -> - | I11: =IFERROR(VLOOKUP($D11,烤漆色號編碼!$A:$D,4,FALSE)*G11+H11,"-") -> - | J11: 2025 | K11: 12
B12: 9 | E12: =IFERROR(VLOOKUP($D12,烤漆色號編碼!$A:$C,3,FALSE),"-") -> - | F12: =IFERROR(VLOOKUP($D12,烤漆色號編碼!$A:$C,2,FALSE),"-") -> - | I12: =IFERROR(VLOOKUP($D12,烤漆色號編碼!$A:$D,4,FALSE)*G12+H12,"-") -> - | J12: 2025 | K12: 12
B13: 10 | E13: =IFERROR(VLOOKUP($D13,烤漆色號編碼!$A:$C,3,FALSE),"-") -> - | F13: =IFERROR(VLOOKUP($D13,烤漆色號編碼!$A:$C,2,FALSE),"-") -> - | I13: =IFERROR(VLOOKUP($D13,烤漆色號編碼!$A:$D,4,FALSE)*G13+H13,"-") -> - | J13: 2025 | K13: 12
B14: 11 | E14: =IFERROR(VLOOKUP($D14,烤漆色號編碼!$A:$C,3,FALSE),"-") -> - | F14: =IFERROR(VLOOKUP($D14,烤漆色號編碼!$A:$C,2,FALSE),"-") -> - | I14: =IFERROR(VLOOKUP($D14,烤漆色號編碼!$A:$D,4,FALSE)*G14+H14,"-") -> - | J14: 2025 | K14: 12
B15: 12 | E15: =IFERROR(VLOOKUP($D15,烤漆色號編碼!$A:$C,3,FALSE),"-") -> - | F15: =IFERROR(VLOOKUP($D15,烤漆色號編碼!$A:$C,2,FALSE),"-") -> - | I15: =IFERROR(VLOOKUP($D15,烤漆色號編碼!$A:$D,4,FALSE)*G15+H15,"-") -> - | J15: 2025 | K15: 12
B16: 13 | E16: =IFERROR(VLOOKUP($D16,烤漆色號編碼!$A:$C,3,FALSE),"-") -> - | F16: =IFERROR(VLOOKUP($D16,烤漆色號編碼!$A:$C,2,FALSE),"-") -> - | I16: =IFERROR(VLOOKUP($D16,烤漆色號編碼!$A:$D,4,FALSE)*G16+H16,"-") -> - | J16: 2025 | K16: 12
... B32: 29 | E32: =IFERROR(VLOOKUP($D32,烤漆色號編碼!$A:$C,3,FALSE),"-") -> - | F32: =IFERROR(VLOOKUP($D32,烤漆色號編碼!$A:$C,2,FALSE),"-") -> - | I32: =IFERROR(VLOOKUP($D32,烤漆色號編碼!$A:$D,4,FALSE)*G32+H32,"-") -> - | J32: 2025 | K32: 12
B33: 30 | C33: =IF(D33<>"",NOW(),"") | E33: =IFERROR(VLOOKUP($D33,烤漆色號編碼!$A:$C,3,FALSE),"-") -> - | F33: =IFERROR(VLOOKUP($D33,烤漆色號編碼!$A:$C,2,FALSE),"-") -> - | I33: =IFERROR(VLOOKUP($D33,烤漆色號編碼!$A:$D,4,FALSE)*G33+H33,"-") -> - | J33: 2025 | K33: 12
B34: 31 | C34: =IF(D34<>"",NOW(),"") | E34: =IFERROR(VLOOKUP($D34,烤漆色號編碼!$A:$C,3,FALSE),"-") -> - | F34: =IFERROR(VLOOKUP($D34,烤漆色號編碼!$A:$C,2,FALSE),"-") -> - | I34: =IFERROR(VLOOKUP($D34,烤漆色號編碼!$A:$D,4,FALSE)*G34+H34,"-") -> - | J34: 2025 | K34: 12
B35: 32 | C35: =IF(D35<>"",NOW(),"") | E35: =IFERROR(VLOOKUP($D35,烤漆色號編碼!$A:$C,3,FALSE),"-") -> - | F35: =IFERROR(VLOOKUP($D35,烤漆色號編碼!$A:$C,2,FALSE),"-") -> - | I35: =IFERROR(VLOOKUP($D35,烤漆色號編碼!$A:$D,4,FALSE)*G35+H35,"-") -> - | J35: 2025 | K35: 12
B36: 33 | C36: =IF(D36<>"",NOW(),"") | E36: =IFERROR(VLOOKUP($D36,烤漆色號編碼!$A:$C,3,FALSE),"-") -> - | F36: =IFERROR(VLOOKUP($D36,烤漆色號編碼!$A:$C,2,FALSE),"-") -> - | I36: =IFERROR(VLOOKUP($D36,烤漆色號編碼!$A:$D,4,FALSE)*G36+H36,"-") -> - | J36: 2025 | K36: 12
B37: 34 | C37: =IF(D37<>"",NOW(),"") | E37: =IFERROR(VLOOKUP($D37,烤漆色號編碼!$A:$C,3,FALSE),"-") -> - | F37: =IFERROR(VLOOKUP($D37,烤漆色號編碼!$A:$C,2,FALSE),"-") -> - | I37: =IFERROR(VLOOKUP($D37,烤漆色號編碼!$A:$D,4,FALSE)*G37+H37,"-") -> - | J37: 2025 | K37: 12
B38: 35 | C38: =IF(D38<>"",NOW(),"") | E38: =IFERROR(VLOOKUP($D38,烤漆色號編碼!$A:$C,3,FALSE),"-") -> - | F38: =IFERROR(VLOOKUP($D38,烤漆色號編碼!$A:$C,2,FALSE),"-") -> - | I38: =IFERROR(VLOOKUP($D38,烤漆色號編碼!$A:$D,4,FALSE)*G38+H38,"-") -> - | J38: 2025 | K38: 12
B39: 36 | C39: =IF(D39<>"",NOW(),"") | E39: =IFERROR(VLOOKUP($D39,烤漆色號編碼!$A:$C,3,FALSE),"-") -> - | F39: =IFERROR(VLOOKUP($D39,烤漆色號編碼!$A:$C,2,FALSE),"-") -> - | I39: =IFERROR(VLOOKUP($D39,烤漆色號編碼!$A:$D,4,FALSE)*G39+H39,"-") -> - | J39: 2025 | K39: 12
B40: 37 | C40: =IF(D40<>"",NOW(),"") | E40: =IFERROR(VLOOKUP($D40,烤漆色號編碼!$A:$C,3,FALSE),"-") -> - | F40: =IFERROR(VLOOKUP($D40,烤漆色號編碼!$A:$C,2,FALSE),"-") -> - | I40: =IFERROR(VLOOKUP($D40,烤漆色號編碼!$A:$D,4,FALSE)*G40+H40,"-") -> - | J40: 2025 | K40: 12
B41: 38 | C41: =IF(D41<>"",NOW(),"") | E41: =IFERROR(VLOOKUP($D41,烤漆色號編碼!$A:$C,3,FALSE),"-") -> - | F41: =IFERROR(VLOOKUP($D41,烤漆色號編碼!$A:$C,2,FALSE),"-") -> - | I41: =IFERROR(VLOOKUP($D41,烤漆色號編碼!$A:$D,4,FALSE)*G41+H41,"-") -> - | J41: 2025 | K41: 12
B42: 39 | C42: =IF(D42<>"",NOW(),"") | E42: =IFERROR(VLOOKUP($D42,烤漆色號編碼!$A:$C,3,FALSE),"-") -> - | F42: =IFERROR(VLOOKUP($D42,烤漆色號編碼!$A:$C,2,FALSE),"-") -> - | I42: =IFERROR(VLOOKUP($D42,烤漆色號編碼!$A:$D,4,FALSE)*G42+H42,"-") -> - | J42: 2025 | K42: 12
B43: 40 | E43: =IFERROR(VLOOKUP($D43,烤漆色號編碼!$A:$C,3,FALSE),"-") -> - | F43: =IFERROR(VLOOKUP($D43,烤漆色號編碼!$A:$C,2,FALSE),"-") -> - | I43: =IFERROR(VLOOKUP($D43,烤漆色號編碼!$A:$D,4,FALSE)*G43+H43,"-") -> - | J43: 2025 | K43: 12
B44: 41 | E44: =IFERROR(VLOOKUP($D44,烤漆色號編碼!$A:$C,3,FALSE),"-") -> - | F44: =IFERROR(VLOOKUP($D44,烤漆色號編碼!$A:$C,2,FALSE),"-") -> - | I44: =IFERROR(VLOOKUP($D44,烤漆色號編碼!$A:$D,4,FALSE)*G44+H44,"-") -> - | J44: 2025 | K44: 12
B45: 42 | E45: =IFERROR(VLOOKUP($D45,烤漆色號編碼!$A:$C,3,FALSE),"-") -> - | F45: =IFERROR(VLOOKUP($D45,烤漆色號編碼!$A:$C,2,FALSE),"-") -> - | I45: =IFERROR(VLOOKUP($D45,烤漆色號編碼!$A:$D,4,FALSE)*G45+H45,"-") -> - | J45: 2025 | K45: 12
B46: 43 | E46: =IFERROR(VLOOKUP($D46,烤漆色號編碼!$A:$C,3,FALSE),"-") -> - | F46: =IFERROR(VLOOKUP($D46,烤漆色號編碼!$A:$C,2,FALSE),"-") -> - | I46: =IFERROR(VLOOKUP($D46,烤漆色號編碼!$A:$D,4,FALSE)*G46+H46,"-") -> - | J46: 2025 | K46: 12
B47: 44 | E47: =IFERROR(VLOOKUP($D47,烤漆色號編碼!$A:$C,3,FALSE),"-") -> - | F47: =IFERROR(VLOOKUP($D47,烤漆色號編碼!$A:$C,2,FALSE),"-") -> - | I47: =IFERROR(VLOOKUP($D47,烤漆色號編碼!$A:$D,4,FALSE)*G47+H47,"-") -> - | J47: 2025 | K47: 12
B48: 45 | E48: - | F48: - | I48: =IFERROR(VLOOKUP($D48,烤漆色號編碼!$A:$D,4,FALSE)*G48+H48,"-") -> - | J48: 2025 | K48: 12
B49: 46 | E49: - | F49: - | I49: =IFERROR(VLOOKUP($D49,烤漆色號編碼!$A:$D,4,FALSE)*G49+H49,"-") -> - | J49: 2025 | K49: 12
B50: 47 | E50: - | F50: - | I50: =IFERROR(VLOOKUP($D50,烤漆色號編碼!$A:$D,4,FALSE)*G50+H50,"-") -> - | J50: 2025 | K50: 12
B51: 48 | E51: - | F51: - | I51: =IFERROR(VLOOKUP($D51,烤漆色號編碼!$A:$D,4,FALSE)*G51+H51,"-") -> - | J51: 2025 | K51: 12
B52: 49 | E52: - | F52: - | I52: =IFERROR(VLOOKUP($D52,烤漆色號編碼!$A:$D,4,FALSE)*G52+H52,"-") -> - | J52: 2025 | K52: 12
B53: 50 | E53: - | F53: - | I53: =IFERROR(VLOOKUP($D53,烤漆色號編碼!$A:$D,4,FALSE)*G53+H53,"-") -> - | J53: 2025 | K53: 12
B54: 51 | E54: - | F54: - | I54: =IFERROR(VLOOKUP($D54,烤漆色號編碼!$A:$D,4,FALSE)*G54+H54,"-") -> - | J54: 2025 | K54: 12
B55: 52 | E55: - | F55: - | I55: =IFERROR(VLOOKUP($D55,烤漆色號編碼!$A:$D,4,FALSE)*G55+H55,"-") -> - | J55: 2025 | K55: 12
B56: 53 | E56: - | F56: - | I56: =IFERROR(VLOOKUP($D56,烤漆色號編碼!$A:$D,4,FALSE)*G56+H56,"-") -> - | J56: 2025 | K56: 12
B57: 54 | E57: - | F57: - | I57: =IFERROR(VLOOKUP($D57,烤漆色號編碼!$A:$D,4,FALSE)*G57+H57,"-") -> - | J57: 2025 | K57: 12
B58: 55 | E58: - | F58: - | I58: =IFERROR(VLOOKUP($D58,烤漆色號編碼!$A:$D,4,FALSE)*G58+H58,"-") -> - | J58: 2025 | K58: 12
B59: 56 | E59: - | F59: - | I59: =IFERROR(VLOOKUP($D59,烤漆色號編碼!$A:$D,4,FALSE)*G59+H59,"-") -> - | J59: 2025 | K59: 12
... B130: 127 | E130: - | F130: - | I130: =IFERROR(VLOOKUP($D130,烤漆色號編碼!$A:$D,4,FALSE)*G130+H130,"-") -> - | J130: 1899 | K130: 12
B131: 128 | E131: - | F131: - | J131: 1899 | K131: 12
B132: 129 | E132: - | F132: - | J132: 1899 | K132: 12
B133: 130 | E133: - | F133: - | J133: 1899 | K133: 12
B134: 131 | E134: - | F134: - | J134: 1899 | K134: 12
B135: 132 | E135: - | F135: - | J135: 1899 | K135: 12
B136: 133 | E136: - | F136: - | J136: 1899 | K136: 12
B137: 134 | E137: - | F137: - | J137: 1899 | K137: 12
B138: 135 | E138: - | F138: - | J138: 1899 | K138: 12
B139: 136 | E139: - | F139: - | J139: 1899 | K139: 12
B140: 137 | E140: - | F140: - | J140: 1899 | K140: 12
B141: 138 | E141: - | F141: - | J141: 1899 | K141: 12
B142: 139 | E142: - | F142: - | J142: 1899 | K142: 12
... B1003: 1000 | E1003: - | F1003: - | J1003: 1899 | K1003: 12
B1004: 如果行不够；先在[审阅]-[撤销保护工作表]后，本页取消隐藏列，从上面一行往下填充！

Sheet 借出
D2: 紀錄表 | E2: 當前庫存 | F2: 期初庫存 | G2: 借出
B3: NO: | C3: 日期 | D3: 粉號 | E3: 色系 | F3: 代號 | G3: 數量/箱 | H3: 散粉 | I3: 總重KG | J3: 辅助年 | K3: 辅助月
B4: 1 | E4: =IFERROR(VLOOKUP($D4,烤漆色號編碼!$A:$C,3,FALSE),"-") -> - | F4: =IFERROR(VLOOKUP($D4,烤漆色號編碼!$A:$C,2,FALSE),"-") -> - | I4: =IFERROR(VLOOKUP($D4,烤漆色號編碼!$A:$D,4,FALSE)*G4+H4,"-") -> - | J4: 2025 | K4: 12
B5: 2 | E5: =IFERROR(VLOOKUP($D5,烤漆色號編碼!$A:$C,3,FALSE),"-") -> - | F5: =IFERROR(VLOOKUP($D5,烤漆色號編碼!$A:$C,2,FALSE),"-") -> - | I5: =IFERROR(VLOOKUP($D5,烤漆色號編碼!$A:$D,4,FALSE)*G5+H5,"-") -> - | J5: 2025 | K5: 12
B6: 3 | E6: =IFERROR(VLOOKUP($D6,烤漆色號編碼!$A:$C,3,FALSE),"-") -> - | F6: =IFERROR(VLOOKUP($D6,烤漆色號編碼!$A:$C,2,FALSE),"-") -> - | I6: =IFERROR(VLOOKUP($D6,烤漆色號編碼!$A:$D,4,FALSE)*G6+H6,"-") -> - | J6: 2025 | K6: 12
B7: 4 | E7: =IFERROR(VLOOKUP($D7,烤漆色號編碼!$A:$C,3,FALSE),"-") -> - | F7: =IFERROR(VLOOKUP($D7,烤漆色號編碼!$A:$C,2,FALSE),"-") -> - | I7: =IFERROR(VLOOKUP($D7,烤漆色號編碼!$A:$D,4,FALSE)*G7+H7,"-") -> - | J7: 2025 | K7: 12
B8: 5 | E8: =IFERROR(VLOOKUP($D8,烤漆色號編碼!$A:$C,3,FALSE),"-") -> - | F8: =IFERROR(VLOOKUP($D8,烤漆色號編碼!$A:$C,2,FALSE),"-") -> - | I8: =IFERROR(VLOOKUP($D8,烤漆色號編碼!$A:$D,4,FALSE)*G8+H8,"-") -> - | J8: 2025 | K8: 12
B9: 6 | E9: =IFERROR(VLOOKUP($D9,烤漆色號編碼!$A:$C,3,FALSE),"-") -> - | F9: =IFERROR(VLOOKUP($D9,烤漆色號編碼!$A:$C,2,FALSE),"-") -> - | I9: =IFERROR(VLOOKUP($D9,烤漆色號編碼!$A:$D,4,FALSE)*G9+H9,"-") -> - | J9: 2025 | K9: 12
B10: 7 | E10: =IFERROR(VLOOKUP($D10,烤漆色號編碼!$A:$C,3,FALSE),"-") -> - | F10: =IFERROR(VLOOKUP($D10,烤漆色號編碼!$A:$C,2,FALSE),"-") -> - | I10: =IFERROR(VLOOKUP($D10,烤漆色號編碼!$A:$D,4,FALSE)*G10+H10,"-") -> - | J10: 2025 | K10: 12
B11: 8 | E11: =IFERROR(VLOOKUP($D11,烤漆色號編碼!$A:$C,3,FALSE),"-") -> - | F11: =IFERROR(VLOOKUP($D11,烤漆色號編碼!$A:$C,2,FALSE),"-") -> - | I11: =IFERROR(VLOOKUP($D11,烤漆色號編碼!$A:$D,4,FALSE)*G11+H11,"-") -> - | J11: 2025 | K11: 12
B12: 9 | E12: =IFERROR(VLOOKUP($D12,烤漆色號編碼!$A:$C,3,FALSE),"-") -> - | F12: =IFERROR(VLOOKUP($D12,烤漆色號編碼!$A:$C,2,FALSE),"-") -> - | I12: =IFERROR(VLOOKUP($D12,烤漆色號編碼!$A:$D,4,FALSE)*G12+H12,"-") -> - | J12: 2025 | K12: 12
B13: 10 | E13: =IFERROR(VLOOKUP($D13,烤漆色號編碼!$A:$C,3,FALSE),"-") -> - | F13: =IFERROR(VLOOKUP($D13,烤漆色號編碼!$A:$C,2,FALSE),"-") -> - | I13: =IFERROR(VLOOKUP($D13,烤漆色號編碼!$A:$D,4,FALSE)*G13+H13,"-") -> - | J13: 2025 | K13: 12
B14: 11 | E14: =IFERROR(VLOOKUP($D14,烤漆色號編碼!$A:$C,3,FALSE),"-") -> - | F14: =IFERROR(VLOOKUP($D14,烤漆色號編碼!$A:$C,2,FALSE),"-") -> - | I14: =IFERROR(VLOOKUP($D14,烤漆色號編碼!$A:$D,4,FALSE)*G14+H14,"-") -> - | J14: 2025 | K14: 12
B15: 12 | E15: =IFERROR(VLOOKUP($D15,烤漆色號編碼!$A:$C,3,FALSE),"-") -> - | F15: =IFERROR(VLOOKUP($D15,烤漆色號編碼!$A:$C,2,FALSE),"-") -> - | I15: =IFERROR(VLOOKUP($D15,烤漆色號編碼!$A:$D,4,FALSE)*G15+H15,"-") -> - | J15: 2025 | K15: 12
... B32: 29 | E32: =IFERROR(VLOOKUP($D32,烤漆色號編碼!$A:$C,3,FALSE),"-") -> - | F32: =IFERROR(VLOOKUP($D32,烤漆色號編碼!$A:$C,2,FALSE),"-") -> - | I32: =IFERROR(VLOOKUP($D32,烤漆色號編碼!$A:$D,4,FALSE)*G32+H32,"-") -> - | J32: 2025 | K32: 12
B33: 30 | C33: =IF(D33<>"",NOW(),"") | E33: =IFERROR(VLOOKUP($D33,烤漆色號編碼!$A:$C,3,FALSE),"-") -> - | F33: =IFERROR(VLOOKUP($D33,烤漆色號編碼!$A:$C,2,FALSE),"-") -> - | I33: =IFERROR(VLOOKUP($D33,烤漆色號編碼!$A:$D,4,FALSE)*G33+H33,"-") -> - | J33: 2025 | K33: 12
B34: 31 | C34: =IF(D34<>"",NOW(),"") | E34: =IFERROR(VLOOKUP($D34,烤漆色號編碼!$A:$C,3,FALSE),"-") -> - | F34: =IFERROR(VLOOKUP($D34,烤漆色號編碼!$A:$C,2,FALSE),"-") -> - | I34: =IFERROR(VLOOKUP($D34,烤漆色號編碼!$A:$D,4,FALSE)*G34+H34,"-") -> - | J34: 2025 | K34: 12
B35: 32 | C35: =IF(D35<>"",NOW(),"") | E35: =IFERROR(VLOOKUP($D35,烤漆色號編碼!$A:$C,3,FALSE),"-") -> - | F35: =IFERROR(VLOOKUP($D35,烤漆色號編碼!$A:$C,2,FALSE),"-") -> - | I35: =IFERROR(VLOOKUP($D35,烤漆色號編碼!$A:$D,4,FALSE)*G35+H35,"-") -> - | J35: 2025 | K35: 12
B36: 33 | C36: =IF(D36<>"",NOW(),"") | E36: =IFERROR(VLOOKUP($D36,烤漆色號編碼!$A:$C,3,FALSE),"-") -> - | F36: =IFERROR(VLOOKUP($D36,烤漆色號編碼!$A:$C,2,FALSE),"-") -> - | I36: =IFERROR(VLOOKUP($D36,烤漆色號編碼!$A:$D,4,FALSE)*G36+H36,"-") -> - | J36: 2025 | K36: 12
B37: 34 | C37: =IF(D37<>"",NOW(),"") | E37: =IFERROR(VLOOKUP($D37,烤漆色號編碼!$A:$C,3,FALSE),"-") -> - | F37: =IFERROR(VLOOKUP($D37,烤漆色號編碼!$A:$C,2,FALSE),"-") -> - | I37: =IFERROR(VLOOKUP($D37,烤漆色號編碼!$A:$D,4,FALSE)*G37+H37,"-") -> - | J37: 2025 | K37: 12
B38: 35 | C38: =IF(D38<>"",NOW(),"") | E38: =IFERROR(VLOOKUP($D38,烤漆色號編碼!$A:$C,3,FALSE),"-") -> - | F38: =IFERROR(VLOOKUP($D38,烤漆色號編碼!$A:$C,2,FALSE),"-") -> - | I38: =IFERROR(VLOOKUP($D38,烤漆色號編碼!$A:$D,4,FALSE)*G38+H38,"-") -> - | J38: 2025 | K38: 12
B39: 36 | C39: =IF(D39<>"",NOW(),"") | E39: =IFERROR(VLOOKUP($D39,烤漆色號編碼!$A:$C,3,FALSE),"-") -> - | F39: =IFERROR(VLOOKUP($D39,烤漆色號編碼!$A:$C,2,FALSE),"-") -> - | I39: =IFERROR(VLOOKUP($D39,烤漆色號編碼!$A:$D,4,FALSE)*G39+H39,"-") -> - | J39: 2025 | K39: 12
B40: 37 | C40: =IF(D40<>"",NOW(),"") | E40: =IFERROR(VLOOKUP($D40,烤漆色號編碼!$A:$C,3,FALSE),"-") -> - | F40: =IFERROR(VLOOKUP($D40,烤漆色號編碼!$A:$C,2,FALSE),"-") -> - | I40: =IFERROR(VLOOKUP($D40,烤漆色號編碼!$A:$D,4,FALSE)*G40+H40,"-") -> - | J40: 2025 | K40: 12
B41: 38 | C41: =IF(D41<>"",NOW(),"") | E41: =IFERROR(VLOOKUP($D41,烤漆色號編碼!$A:$C,3,FALSE),"-") -> - | F41: =IFERROR(VLOOKUP($D41,烤漆色號編碼!$A:$C,2,FALSE),"-") -> - | I41: =IFERROR(VLOOKUP($D41,烤漆色號編碼!$A:$D,4,FALSE)*G41+H41,"-") -> - | J41: 2025 | K41: 12
B42: 39 | C42: =IF(D42<>"",NOW(),"") | E42: =IFERROR(VLOOKUP($D42,烤漆色號編碼!$A:$C,3,FALSE),"-") -> - | F42: =IFERROR(VLOOKUP($D42,烤漆色號編碼!$A:$C,2,FALSE),"-") -> - | I42: =IFERROR(VLOOKUP($D42,烤漆色號編碼!$A:$D,4,FALSE)*G42+H42,"-") -> - | J42: 2025 | K42: 12
B43: 40 | E43: =IFERROR(VLOOKUP($D43,烤漆色號編碼!$A:$C,3,FALSE),"-") -> - | F43: =IFERROR(VLOOKUP($D43,烤漆色號編碼!$A:$C,2,FALSE),"-") -> - | I43: =IFERROR(VLOOKUP($D43,烤漆色號編碼!$A:$D,4,FALSE)*G43+H43,"-") -> - | J43: 2025 | K43: 12
B44: 41 | E44: =IFERROR(VLOOKUP($D44,烤漆色號編碼!$A:$C,3,FALSE),"-") -> - | F44: =IFERROR(VLOOKUP($D44,烤漆色號編碼!$A:$C,2,FALSE),"-") -> - | I44: =IFERROR(VLOOKUP($D44,烤漆色號編碼!$A:$D,4,FALSE)*G44+H44,"-") -> - | J44: 2025 | K44: 12
B45: 42 | E45: =IFERROR(VLOOKUP($D45,烤漆色號編碼!$A:$C,3,FALSE),"-") -> - | F45: =IFERROR(VLOOKUP($D45,烤漆色號編碼!$A:$C,2,FALSE),"-") -> - | I45: =IFERROR(VLOOKUP($D45,烤漆色號編碼!$A:$D,4,FALSE)*G45+H45,"-") -> - | J45: 2025 | K45: 12
B46: 43 | E46: =IFERROR(VLOOKUP($D46,烤漆色號編碼!$A:$C,3,FALSE),"-") -> - | F46: =IFERROR(VLOOKUP($D46,烤漆色號編碼!$A:$C,2,FALSE),"-") -> - | I46: =IFERROR(VLOOKUP($D46,烤漆色號編碼!$A:$D,4,FALSE)*G46+H46,"-") -> - | J46: 2025 | K46: 12
B47: 44 | E47: =IFERROR(VLOOKUP($D47,烤漆色號編碼!$A:$C,3,FALSE),"-") -> - | F47: =IFERROR(VLOOKUP($D47,烤漆色號編碼!$A:$C,2,FALSE),"-") -> - | I47: =IFERROR(VLOOKUP($D47,烤漆色號編碼!$A:$D,4,FALSE)*G47+H47,"-") -> - | J47: 2025 | K47: 12
B48: 45 | E48: - | F48: - | I48: =IFERROR(VLOOKUP($D48,烤漆色號編碼!$A:$D,4,FALSE)*G48+H48,"-") -> - | J48: 2025 | K48: 12
B49: 46 | E49: - | F49: - | I49: =IFERROR(VLOOKUP($D49,烤漆色號編碼!$A:$D,4,FALSE)*G49+H49,"-") -> - | J49: 2025 | K49: 12
B50: 47 | E50: - | F50: - | I50: =IFERROR(VLOOKUP($D50,烤漆色號編碼!$A:$D,4,FALSE)*G50+H50,"-") -> - | J50: 2025 | K50: 12
B51: 48 | E51: - | F51: - | I51: =IFERROR(VLOOKUP($D51,烤漆色號編碼!$A:$D,4,FALSE)*G51+H51,"-") -> - | J51: 2025 | K51: 12
B52: 49 | E52: - | F52: - | I52: =IFERROR(VLOOKUP($D52,烤漆色號編碼!$A:$D,4,FALSE)*G52+H52,"-") -> - | J52: 2025 | K52: 12
B53: 50 | E53: - | F53: - | I53: =IFERROR(VLOOKUP($D53,烤漆色號編碼!$A:$D,4,FALSE)*G53+H53,"-") -> - | J53: 2025 | K53: 12
B54: 51 | E54: - | F54: - | I54: =IFERROR(VLOOKUP($D54,烤漆色號編碼!$A:$D,4,FALSE)*G54+H54,"-") -> - | J54: 2025 | K54: 12
B55: 52 | E55: - | F55: - | I55: =IFERROR(VLOOKUP($D55,烤漆色號編碼!$A:$D,4,FALSE)*G55+H55,"-") -> - | J55: 2025 | K55: 12
B56: 53 | E56: - | F56: - | I56: =IFERROR(VLOOKUP($D56,烤漆色號編碼!$A:$D,4,FALSE)*G56+H56,"-") -> - | J56: 2025 | K56: 12
B57: 54 | E57: - | F57: - | I57: =IFERROR(VLOOKUP($D57,烤漆色號編碼!$A:$D,4,FALSE)*G57+H57,"-") -> - | J57: 2025 | K57: 12
B58: 55 | E58: - | F58: - | I58: =IFERROR(VLOOKUP($D58,烤漆色號編碼!$A:$D,4,FALSE)*G58+H58,"-") -> - | J58: 2025 | K58: 12
B59: 56 | E59: - | F59: - | I59: =IFERROR(VLOOKUP($D59,烤漆色號編碼!$A:$D,4,FALSE)*G59+H59,"-") -> - | J59: 2025 | K59: 12
... B130: 127 | E130: - | F130: - | I130: =IFERROR(VLOOKUP($D130,烤漆色號編碼!$A:$D,4,FALSE)*G130+H130,"-") -> - | J130: 1899 | K130: 12
B131: 128 | E131: - | F131: - | J131: 1899 | K131: 12
B132: 129 | E132: - | F132: - | J132: 1899 | K132: 12
B133: 130 | E133: - | F133: - | J133: 1899 | K133: 12
B134: 131 | E134: - | F134: - | J134: 1899 | K134: 12
B135: 132 | E135: - | F135: - | J135: 1899 | K135: 12
B136: 133 | E136: - | F136: - | J136: 1899 | K136: 12
B137: 134 | E137: - | F137: - | J137: 1899 | K137: 12
B138: 135 | E138: - | F138: - | J138: 1899 | K138: 12
B139: 136 | E139: - | F139: - | J139: 1899 | K139: 12
B140: 137 | E140: - | F140: - | J140: 1899 | K140: 12
B141: 138 | E141: - | F141: - | J141: 1899 | K141: 12
B142: 139 | E142: - | F142: - | J142: 1899 | K142: 12
... B1003: 1000 | E1003: - | F1003: - | J1003: 1899 | K1003: 12
B1004: 如果行不够；先在[审阅]-[撤销保护工作表]后，本页取消隐藏列，从上面一行往下填充！

Sheet 採購入庫
D2: 紀錄表 | E2: 當前庫存 | F2: 期初庫存 | G2: 採購入庫
B3: NO: | C3: 日期 | D3: 粉號 | E3: 色系 | F3: 代號 | G3: 數量/箱 | H3: 散粉 | I3: 總重KG | J3: 辅助年 | K3: 辅助月
B4: 1 | C4: 45930 | D4: 008/1H174 | E4: =IFERROR(VLOOKUP($D4,烤漆色號編碼!$A:$C,3,FALSE),"-") -> 白亮光 | F4: =IFERROR(VLOOKUP($D4,烤漆色號編碼!$A:$C,2,FALSE),"-") -> WE2 | G4: 20 | I4: =IFERROR(VLOOKUP($D4,烤漆色號編碼!$A:$D,4,FALSE)*G4+H4,"-") -> 500 | J4: 2025 | K4: 12
B5: 2 | C5: 45944 | D5: 008/1H174 | E5: =IFERROR(VLOOKUP($D5,烤漆色號編碼!$A:$C,3,FALSE),"-") -> 白亮光 | F5: =IFERROR(VLOOKUP($D5,烤漆色號編碼!$A:$C,2,FALSE),"-") -> WE2 | G5: 20 | I5: =IFERROR(VLOOKUP($D5,烤漆色號編碼!$A:$D,4,FALSE)*G5+H5,"-") -> 500 | J5: 2025 | K5: 12
B6: 3 | C6: 45953 | D6: 008/2H056 | E6: =IFERROR(VLOOKUP($D6,烤漆色號編碼!$A:$C,3,FALSE),"-") -> 黃亮光 | F6: =IFERROR(VLOOKUP($D6,烤漆色號編碼!$A:$C,2,FALSE),"-") -> YW1 | G6: 12 | I6: =IFERROR(VLOOKUP($D6,烤漆色號編碼!$A:$D,4,FALSE)*G6+H6,"-") -> 300 | J6: 2025 | K6: 12
B7: 4 | C7: 45953 | D7: EN-402T | E7: =IFERROR(VLOOKUP($D7,烤漆色號編碼!$A:$C,3,FALSE),"-") -> 黑錘紋 | F7: =IFERROR(VLOOKUP($D7,烤漆色號編碼!$A:$C,2,FALSE),"-") -> BKH | H7: 16 | I7: =IFERROR(VLOOKUP($D7,烤漆色號編碼!$A:$D,4,FALSE)*G7+H7,"-") -> 16 | J7: 2025 | K7: 12
B8: 5 | C8: 45958 | D8: 008/1H174 | E8: =IFERROR(VLOOKUP($D8,烤漆色號編碼!$A:$C,3,FALSE),"-") -> 白亮光 | F8: =IFERROR(VLOOKUP($D8,烤漆色號編碼!$A:$C,2,FALSE),"-") -> WE2 | G8: 22 | H8: 6 | I8: =IFERROR(VLOOKUP($D8,烤漆色號編碼!$A:$D,4,FALSE)*G8+H8,"-") -> 556 | J8: 2025 | K8: 12
B9: 6 | E9: =IFERROR(VLOOKUP($D9,烤漆色號編碼!$A:$C,3,FALSE),"-") -> - | F9: =IFERROR(VLOOKUP($D9,烤漆色號編碼!$A:$C,2,FALSE),"-") -> - | I9: =IFERROR(VLOOKUP($D9,烤漆色號編碼!$A:$D,4,FALSE)*G9+H9,"-") -> - | J9: 2025 | K9: 12
B10: 7 | E10: =IFERROR(VLOOKUP($D10,烤漆色號編碼!$A:$C,3,FALSE),"-") -> - | F10: =IFERROR(VLOOKUP($D10,烤漆色號編碼!$A:$C,2,FALSE),"-") -> - | I10: =IFERROR(VLOOKUP($D10,烤漆色號編碼!$A:$D,4,FALSE)*G10+H10,"-") -> - | J10: 2025 | K10: 12
B11: 8 | E11: =IFERROR(VLOOKUP($D11,烤漆色號編碼!$A:$C,3,FALSE),"-") -> - | F11: =IFERROR(VLOOKUP($D11,烤漆色號編碼!$A:$C,2,FALSE),"-") -> - | I11: =IFERROR(VLOOKUP($D11,烤漆色號編碼!$A:$D,4,FALSE)*G11+H11,"-") -> - | J11: 2025 | K11: 12
B12: 9 | E12: =IFERROR(VLOOKUP($D12,烤漆色號編碼!$A:$C,3,FALSE),"-") -> - | F12: =IFERROR(VLOOKUP($D12,烤漆色號編碼!$A:$C,2,FALSE),"-") -> - | I12: =IFERROR(VLOOKUP($D12,烤漆色號編碼!$A:$D,4,FALSE)*G12+H12,"-") -> - | J12: 2025 | K12: 12
B13: 10 | E13: =IFERROR(VLOOKUP($D13,烤漆色號編碼!$A:$C,3,FALSE),"-") -> - | F13: =IFERROR(VLOOKUP($D13,烤漆色號編碼!$A:$C,2,FALSE),"-") -> - | I13: =IFERROR(VLOOKUP($D13,烤漆色號編碼!$A:$D,4,FALSE)*G13+H13,"-") -> - | J13: 2025 | K13: 12
B14: 11 | E14: =IFERROR(VLOOKUP($D14,烤漆色號編碼!$A:$C,3,FALSE),"-") -> - | F14: =IFERROR(VLOOKUP($D14,烤漆色號編碼!$A:$C,2,FALSE),"-") -> - | I14: =IFERROR(VLOOKUP($D14,烤漆色號編碼!$A:$D,4,FALSE)*G14+H14,"-") -> - | J14: 2025 | K14: 12
B15: 12 | E15: =IFERROR(VLOOKUP($D15,烤漆色號編碼!$A:$C,3,FALSE),"-") -> - | F15: =IFERROR(VLOOKUP($D15,烤漆色號編碼!$A:$C,2,FALSE),"-") -> - | I15: =IFERROR(VLOOKUP($D15,烤漆色號編碼!$A:$D,4,FALSE)*G15+H15,"-") -> - | J15: 2025 | K15: 12
B16: 13 | E16: =IFERROR(VLOOKUP($D16,烤漆色號編碼!$A:$C,3,FALSE),"-") -> - | F16: =IFERROR(VLOOKUP($D16,烤漆色號編碼!$A:$C,2,FALSE),"-") -> - | I16: =IFERROR(VLOOKUP($D16,烤漆色號編碼!$A:$D,4,FALSE)*G16+H16,"-") -> - | J16: 2025 | K16: 12
B17: 14 | E17: =IFERROR(VLOOKUP($D17,烤漆色號編碼!$A:$C,3,FALSE),"-") -> - | F17: =IFERROR(VLOOKUP($D17,烤漆色號編碼!$A:$C,2,FALSE),"-") -> - | I17: =IFERROR(VLOOKUP($D17,烤漆色號編碼!$A:$D,4,FALSE)*G17+H17,"-") -> - | J17: 2025 | K17: 12
B18: 15 | E18: =IFERROR(VLOOKUP($D18,烤漆色號編碼!$A:$C,3,FALSE),"-") -> - | F18: =IFERROR(VLOOKUP($D18,烤漆色號編碼!$A:$C,2,FALSE),"-") -> - | I18: =IFERROR(VLOOKUP($D18,烤漆色號編碼!$A:$D,4,FALSE)*G18+H18,"-") -> - | J18: 2025 | K18: 12
B19: 16 | E19: =IFERROR(VLOOKUP($D19,烤漆色號編碼!$A:$C,3,FALSE),"-") -> - | F19: =IFERROR(VLOOKUP($D19,烤漆色號編碼!$A:$C,2,FALSE),"-") -> - | I19: =IFERROR(VLOOKUP($D19,烤漆色號編碼!$A:$D,4,FALSE)*G19+H19,"-") -> - | J19: 2025 | K19: 12
B20: 17 | E20: =IFERROR(VLOOKUP($D20,烤漆色號編碼!$A:$C,3,FALSE),"-") -> - | F20: =IFERROR(VLOOKUP($D20,烤漆色號編碼!$A:$C,2,FALSE),"-") -> - | I20: =IFERROR(VLOOKUP($D20,烤漆色號編碼!$A:$D,4,FALSE)*G20+H20,"-") -> - | J20: 2025 | K20: 12
... B32: 29 | E32: =IFERROR(VLOOKUP($D32,烤漆色號編碼!$A:$C,3,FALSE),"-") -> - | F32: =IFERROR(VLOOKUP($D32,烤漆色號編碼!$A:$C,2,FALSE),"-") -> - | I32: =IFERROR(VLOOKUP($D32,烤漆色號編碼!$A:$D,4,FALSE)*G32+H32,"-") -> - | J32: 2025 | K32: 12
B33: 30 | C33: =IF(D33<>"",NOW(),"") | E33: =IFERROR(VLOOKUP($D33,烤漆色號編碼!$A:$C,3,FALSE),"-") -> - | F33: =IFERROR(VLOOKUP($D33,烤漆色號編碼!$A:$C,2,FALSE),"-") -> - | I33: =IFERROR(VLOOKUP($D33,烤漆色號編碼!$A:$D,4,FALSE)*G33+H33,"-") -> - | J33: 2025 | K33: 12
B34: 31 | C34: =IF(D34<>"",NOW(),"") | E34: =IFERROR(VLOOKUP($D34,烤漆色號編碼!$A:$C,3,FALSE),"-") -> - | F34: =IFERROR(VLOOKUP($D34,烤漆色號編碼!$A:$C,2,FALSE),"-") -> - | I34: =IFERROR(VLOOKUP($D34,烤漆色號編碼!$A:$D,4,FALSE)*G34+H34,"-") -> - | J34: 2025 | K34: 12
B35: 32 | C35: =IF(D35<>"",NOW(),"") | E35: =IFERROR(VLOOKUP($D35,烤漆色號編碼!$A:$C,3,FALSE),"-") -> - | F35: =IFERROR(VLOOKUP($D35,烤漆色號編碼!$A:$C,2,FALSE),"-") -> - | I35: =IFERROR(VLOOKUP($D35,烤漆色號編碼!$A:$D,4,FALSE)*G35+H35,"-") -> - | J35: 2025 | K35: 12
B36: 33 | C36: =IF(D36<>"",NOW(),"") | E36: =IFERROR(VLOOKUP($D36,烤漆色號編碼!$A:$C,3,FALSE),"-") -> - | F36: =IFERROR(VLOOKUP($D36,烤漆色號編碼!$A:$C,2,FALSE),"-") -> - | I36: =IFERROR(VLOOKUP($D36,烤漆色號編碼!$A:$D,4,FALSE)*G36+H36,"-") -> - | J36: 2025 | K36: 12
B37: 34 | C37: =IF(D37<>"",NOW(),"") | E37: =IFERROR(VLOOKUP($D37,烤漆色號編碼!$A:$C,3,FALSE),"-") -> - | F37: =IFERROR(VLOOKUP($D37,烤漆色號編碼!$A:$C,2,FALSE),"-") -> - | I37: =IFERROR(VLOOKUP($D37,烤漆色號編碼!$A:$D,4,FALSE)*G37+H37,"-") -> - | J37: 2025 | K37: 12
B38: 35 | C38: =IF(D38<>"",NOW(),"") | E38: =IFERROR(VLOOKUP($D38,烤漆色號編碼!$A:$C,3,FALSE),"-") -> - | F38: =IFERROR(VLOOKUP($D38,烤漆色號編碼!$A:$C,2,FALSE),"-") -> - | I38: =IFERROR(VLOOKUP($D38,烤漆色號編碼!$A:$D,4,FALSE)*G38+H38,"-") -> - | J38: 2025 | K38: 12
B39: 36 | C39: =IF(D39<>"",NOW(),"") | E39: =IFERROR(VLOOKUP($D39,烤漆色號編碼!$A:$C,3,FALSE),"-") -> - | F39: =IFERROR(VLOOKUP($D39,烤漆色號編碼!$A:$C,2,FALSE),"-") -> - | I39: =IFERROR(VLOOKUP($D39,烤漆色號編碼!$A:$D,4,FALSE)*G39+H39,"-") -> - | J39: 2025 | K39: 12
B40: 37 | C40: =IF(D40<>"",NOW(),"") | E40: =IFERROR(VLOOKUP($D40,烤漆色號編碼!$A:$C,3,FALSE),"-") -> - | F40: =IFERROR(VLOOKUP($D40,烤漆色號編碼!$A:$C,2,FALSE),"-") -> - | I40: =IFERROR(VLOOKUP($D40,烤漆色號編碼!$A:$D,4,FALSE)*G40+H40,"-") -> - | J40: 2025 | K40: 12
B41: 38 | C41: =IF(D41<>"",NOW(),"") | E41: =IFERROR(VLOOKUP($D41,烤漆色號編碼!$A:$C,3,FALSE),"-") -> - | F41: =IFERROR(VLOOKUP($D41,烤漆色號編碼!$A:$C,2,FALSE),"-") -> - | I41: =IFERROR(VLOOKUP($D41,烤漆色號編碼!$A:$D,4,FALSE)*G41+H41,"-") -> - | J41: 2025 | K41: 12
B42: 39 | C42: =IF(D42<>"",NOW(),"") | E42: =IFERROR(VLOOKUP($D42,烤漆色號編碼!$A:$C,3,FALSE),"-") -> - | F42: =IFERROR(VLOOKUP($D42,烤漆色號編碼!$A:$C,2,FALSE),"-") -> - | I42: =IFERROR(VLOOKUP($D42,烤漆色號編碼!$A:$D,4,FALSE)*G42+H42,"-") -> - | J42: 2025 | K42: 12
B43: 40 | E43: =IFERROR(VLOOKUP($D43,烤漆色號編碼!$A:$C,3,FALSE),"-") -> - | F43: =IFERROR(VLOOKUP($D43,烤漆色號編碼!$A:$C,2,FALSE),"-") -> - | I43: =IFERROR(VLOOKUP($D43,烤漆色號編碼!$A:$D,4,FALSE)*G43+H43,"-") -> - | J43: 2025 | K43: 12
B44: 41 | E44: =IFERROR(VLOOKUP($D44,烤漆色號編碼!$A:$C,3,FALSE),"-") -> - | F44: =IFERROR(VLOOKUP($D44,烤漆色號編碼!$A:$C,2,FALSE),"-") -> - | I44: =IFERROR(VLOOKUP($D44,烤漆色號編碼!$A:$D,4,FALSE)*G44+H44,"-") -> - | J44: 2025 | K44: 12
B45: 42 | E45: =IFERROR(VLOOKUP($D45,烤漆色號編碼!$A:$C,3,FALSE),"-") -> - | F45: =IFERROR(VLOOKUP($D45,烤漆色號編碼!$A:$C,2,FALSE),"-") -> - | I45: =IFERROR(VLOOKUP($D45,烤漆色號編碼!$A:$D,4,FALSE)*G45+H45,"-") -> - | J45: 2025 | K45: 12
B46: 43 | E46: =IFERROR(VLOOKUP($D46,烤漆色號編碼!$A:$C,3,FALSE),"-") -> - | F46: =IFERROR(VLOOKUP($D46,烤漆色號編碼!$A:$C,2,FALSE),"-") -> - | I46: =IFERROR(VLOOKUP($D46,烤漆色號編碼!$A:$D,4,FALSE)*G46+H46,"-") -> - | J46: 2025 | K46: 12
B47: 44 | E47: =IFERROR(VLOOKUP($D47,烤漆色號編碼!$A:$C,3,FALSE),"-") -> - | F47: =IFERROR(VLOOKUP($D47,烤漆色號編碼!$A:$C,2,FALSE),"-") -> - | I47: =IFERROR(VLOOKUP($D47,烤漆色號編碼!$A:$D,4,FALSE)*G47+H47,"-") -> - | J47: 2025 | K47: 12
B48: 45 | E48: - | F48: - | I48: =IFERROR(VLOOKUP($D48,烤漆色號編碼!$A:$D,4,FALSE)*G48+H48,"-") -> - | J48: 2025 | K48: 12
B49: 46 | E49: - | F49: - | I49: =IFERROR(VLOOKUP($D49,烤漆色號編碼!$A:$D,4,FALSE)*G49+H49,"-") -> - | J49: 2025 | K49: 12
B50: 47 | E50: - | F50: - | I50: =IFERROR(VLOOKUP($D50,烤漆色號編碼!$A:$D,4,FALSE)*G50+H50,"-") -> - | J50: 2025 | K50: 12
B51: 48 | E51: - | F51: - | I51: =IFERROR(VLOOKUP($D51,烤漆色號編碼!$A:$D,4,FALSE)*G51+H51,"-") -> - | J51: 2025 | K51: 12
B52: 49 | E52: - | F52: - | I52: =IFERROR(VLOOKUP($D52,烤漆色號編碼!$A:$D,4,FALSE)*G52+H52,"-") -> - | J52: 2025 | K52: 12
B53: 50 | E53: - | F53: - | I53: =IFERROR(VLOOKUP($D53,烤漆色號編碼!$A:$D,4,FALSE)*G53+H53,"-") -> - | J53: 2025 | K53: 12
B54: 51 | E54: - | F54: - | I54: =IFERROR(VLOOKUP($D54,烤漆色號編碼!$A:$D,4,FALSE)*G54+H54,"-") -> - | J54: 2025 | K54: 12
B55: 52 | E55: - | F55: - | I55: =IFERROR(VLOOKUP($D55,烤漆色號編碼!$A:$D,4,FALSE)*G55+H55,"-") -> - | J55: 2025 | K55: 12
B56: 53 | E56: - | F56: - | I56: =IFERROR(VLOOKUP($D56,烤漆色號編碼!$A:$D,4,FALSE)*G56+H56,"-") -> - | J56: 2025 | K56: 12
B57: 54 | E57: - | F57: - | I57: =IFERROR(VLOOKUP($D57,烤漆色號編碼!$A:$D,4,FALSE)*G57+H57,"-") -> - | J57: 2025 | K57: 12
B58: 55 | E58: - | F58: - | I58: =IFERROR(VLOOKUP($D58,烤漆色號編碼!$A:$D,4,FALSE)*G58+H58,"-") -> - | J58: 2025 | K58: 12
B59: 56 | E59: - | F59: - | I59: =IFERROR(VLOOKUP($D59,烤漆色號編碼!$A:$D,4,FALSE)*G59+H59,"-") -> - | J59: 2025 | K59: 12
... B130: 127 | E130: - | F130: - | I130: =IFERROR(VLOOKUP($D130,烤漆色號編碼!$A:$D,4,FALSE)*G130+H130,"-") -> - | J130: 1899 | K130: 12
B131: 128 | E131: - | F131: - | J131: 1899 | K131: 12
B132: 129 | E132: - | F132: - | J132: 1899 | K132: 12
B133: 130 | E133: - | F133: - | J133: 1899 | K133: 12
B134: 131 | E134: - | F134: - | J134: 1899 | K134: 12
B135: 132 | E135: - | F135: - | J135: 1899 | K135: 12
B136: 133 | E136: - | F136: - | J136: 1899 | K136: 12
B137: 134 | E137: - | F137: - | J137: 1899 | K137: 12
B138: 135 | E138: - | F138: - | J138: 1899 | K138: 12
B139: 136 | E139: - | F139: - | J139: 1899 | K139: 12
B140: 137 | E140: - | F140: - | J140: 1899 | K140: 12
B141: 138 | E141: - | F141: - | J141: 1899 | K141: 12
B142: 139 | E142: - | F142: - | J142: 1899 | K142: 12
... B1003: 1000 | E1003: - | F1003: - | J1003: 1899 | K1003: 12
B1004: 如果行不够；先在[审阅]-[撤销保护工作表]后，本页取消隐藏列，从上面一行往下填充！

Sheet 烤漆色號編碼
A1: 色號 | B1: 代號 | C1: 色系 | D1: 淨重 | E1: 廠商
A2: DP-11485 | B2: WE | C2: 白亮光 | D2: 25 | E2: 國麗 | F2: 紀錄表
A3: DP-1856 | B3: WE1 | C3: 灰白 | D3: 25 | E3: 國麗
A4: O-5905 | B4: 換粉 | C4: 黃亮光 | D4: 25 | E4: 國麗 | F4: 當前庫存
A5: New O-5905 | B5: 換粉 | C5: 黃亮光 | D5: 25 | E5: 國麗
A6: 790-41540H | B6: YWH | C6: 黃錘紋 | D6: 25 | E6: 國邦
A7: 780-310AT | B7: RD | C7: 法拉利紅 | D7: 25 | E7: 國邦 | F7: 期初庫存
A8: LT-90442 | B8: BE | C8: 藍色 | D8: 25 | E8: 台粉
A9: 770-739 | B9: BEG | C9: 豔藍-孔雀藍 | D9: 25 | E9: 國邦 | F9: 採購入庫
A10: 4950-502 | B10: BK | C10: 黑平光 | D10: 25 | E10: 台粉
A11: EN-402T | B11: BKH | C11: 黑錘紋 | D11: 25 | E11: 長誠
A12: K-91097G | B12: BKS1 | C12: 新黑砂 | D12: 25 | E12: 國麗
A13: 780-45510H | B13: 換粉 | C13: 黑砂 | D13: 25 | E13: 國邦
A14: 4605-505 | B14: EBK | C14: 消光黑 | D14: 25 | E14: 台粉
A15: O-9850GSNB | B15: BKSA | C15: 黑砂閃銀 | D15: 25 | E15: 國麗
A16: K-9287S | B16: BKSA1 | C16: 黑閃銀 | D16: 25 | E16: 國麗
A17: EL-0365T | B17: IGS | C17: 鐵灰砂 | D17: 25 | E17: 長誠
A18: O-22170G | B18: DGS | C18: 深灰砂 | D18: 25 | E18: 國麗
A19: O-200SB | B19: 無粉 | C19: 閃銀 | D19: 25 | E19: 國麗
A20: K-5257CSB | B20: 換粉 | C20: 新閃銀 | D20: 25 | E20: 國麗
A21: K-4654 | B21: PEL | C21: 紫色 | D21: 25 | E21: 國麗
... A40: 07146D | B40: WE | C40: 白色 | D40: 25 | E40: 台粉
A41: 國定假日 | B41: - | C41: - | D41: - | E41: -
A42: 例假日 | B42: - | C42: - | D42: - | E42: -
A43: 颱風假 | B43: - | C43: - | D43: - | E43: -
A44: 無烤漆 | B44: - | C44: - | D44: - | E44: -
A45: 年假 | B45: - | C45: - | D45: - | E45: -
A46: 樣粉 | B46: - | C46: - | D46: - | E46: -
A47: 廢粉 | B47: - | C47: - | D47: 25 | E47: -
B48: - | C48: - | D48: - | E48: -
B49: - | C49: - | D49: - | E49: -
B50: - | C50: - | D50: - | E50: -
B51: - | C51: - | D51: - | E51: -
B52: - | C52: - | D52: - | E52: -
B53: - | C53: - | D53: - | E53: -
B54: - | C54: - | D54: - | E54: -
B55: - | C55: - | D55: - | E55: -
B56: - | C56: - | D56: - | E56: -
B57: - | C57: - | D57: - | E57: -
B58: - | C58: - | D58: - | E58: -
B59: - | C59: - | D59: - | E59: -
... B67: - | C67: - | D67: - | E67: -

Sheet 使用中色粉
B1: 色號 | C1: 色系 | D1: 顏色 | E1: 代號 | F1: 廠商
B2: =IF(烤漆色號編碼!A2="","-",烤漆色號編碼!A2) -> DP-11485 | C2: 白色 | D2: =IFERROR(VLOOKUP($B2,烤漆色號編碼!$A:$E,3,FALSE),"-") -> 白亮光 | E2: =IFERROR(VLOOKUP($B2,烤漆色號編碼!$A:$E,2,FALSE),"-") -> WE | F2: =IFERROR(VLOOKUP($B2,烤漆色號編碼!$A:$E,5,FALSE),"-") -> 國麗
B3: =IF(烤漆色號編碼!A3="","-",烤漆色號編碼!A3) -> DP-1856 | C3: 白色 | D3: =IFERROR(VLOOKUP($B3,烤漆色號編碼!$A:$E,3,FALSE),"-") -> 灰白 | E3: =IFERROR(VLOOKUP($B3,烤漆色號編碼!$A:$E,2,FALSE),"-") -> WE1 | F3: =IFERROR(VLOOKUP($B3,烤漆色號編碼!$A:$E,5,FALSE),"-") -> 國麗
B4: =IF(烤漆色號編碼!A6="","-",烤漆色號編碼!A6) -> 790-41540H | C4: 黃色 | D4: =IFERROR(VLOOKUP($B4,烤漆色號編碼!$A:$E,3,FALSE),"-") -> 黃錘紋 | E4: =IFERROR(VLOOKUP($B4,烤漆色號編碼!$A:$E,2,FALSE),"-") -> YWH | F4: =IFERROR(VLOOKUP($B4,烤漆色號編碼!$A:$E,5,FALSE),"-") -> 國邦
B5: =IF(烤漆色號編碼!A7="","-",烤漆色號編碼!A7) -> 780-310AT | C5: 紅色 | D5: =IFERROR(VLOOKUP($B5,烤漆色號編碼!$A:$E,3,FALSE),"-") -> 法拉利紅 | E5: =IFERROR(VLOOKUP($B5,烤漆色號編碼!$A:$E,2,FALSE),"-") -> RD | F5: =IFERROR(VLOOKUP($B5,烤漆色號編碼!$A:$E,5,FALSE),"-") -> 國邦
B6: =IF(烤漆色號編碼!A8="","-",烤漆色號編碼!A8) -> LT-90442 | C6: 藍色 | D6: =IFERROR(VLOOKUP($B6,烤漆色號編碼!$A:$E,3,FALSE),"-") -> 藍色 | E6: =IFERROR(VLOOKUP($B6,烤漆色號編碼!$A:$E,2,FALSE),"-") -> BE | F6: =IFERROR(VLOOKUP($B6,烤漆色號編碼!$A:$E,5,FALSE),"-") -> 台粉
B7: =IF(烤漆色號編碼!A9="","-",烤漆色號編碼!A9) -> 770-739 | C7: 藍色 | D7: =IFERROR(VLOOKUP($B7,烤漆色號編碼!$A:$E,3,FALSE),"-") -> 豔藍-孔雀藍 | E7: =IFERROR(VLOOKUP($B7,烤漆色號編碼!$A:$E,2,FALSE),"-") -> BEG | F7: =IFERROR(VLOOKUP($B7,烤漆色號編碼!$A:$E,5,FALSE),"-") -> 國邦
B8: =IF(烤漆色號編碼!A10="","-",烤漆色號編碼!A10) -> 4950-502 | C8: 黑色 | D8: =IFERROR(VLOOKUP($B8,烤漆色號編碼!$A:$E,3,FALSE),"-") -> 黑平光 | E8: =IFERROR(VLOOKUP($B8,烤漆色號編碼!$A:$E,2,FALSE),"-") -> BK | F8: =IFERROR(VLOOKUP($B8,烤漆色號編碼!$A:$E,5,FALSE),"-") -> 台粉
B9: =IF(烤漆色號編碼!A11="","-",烤漆色號編碼!A11) -> EN-402T | C9: 黑色 | D9: =IFERROR(VLOOKUP($B9,烤漆色號編碼!$A:$E,3,FALSE),"-") -> 黑錘紋 | E9: =IFERROR(VLOOKUP($B9,烤漆色號編碼!$A:$E,2,FALSE),"-") -> BKH | F9: =IFERROR(VLOOKUP($B9,烤漆色號編碼!$A:$E,5,FALSE),"-") -> 長誠
B10: =IF(烤漆色號編碼!A12="","-",烤漆色號編碼!A12) -> K-91097G | C10: 黑色 | D10: =IFERROR(VLOOKUP($B10,烤漆色號編碼!$A:$E,3,FALSE),"-") -> 新黑砂 | E10: =IFERROR(VLOOKUP($B10,烤漆色號編碼!$A:$E,2,FALSE),"-") -> BKS1 | F10: =IFERROR(VLOOKUP($B10,烤漆色號編碼!$A:$E,5,FALSE),"-") -> 國麗
B11: =IF(烤漆色號編碼!A14="","-",烤漆色號編碼!A14) -> 4605-505 | C11: 黑色 | D11: =IFERROR(VLOOKUP($B11,烤漆色號編碼!$A:$E,3,FALSE),"-") -> 消光黑 | E11: =IFERROR(VLOOKUP($B11,烤漆色號編碼!$A:$E,2,FALSE),"-") -> EBK | F11: =IFERROR(VLOOKUP($B11,烤漆色號編碼!$A:$E,5,FALSE),"-") -> 台粉
B12: =IF(烤漆色號編碼!A15="","-",烤漆色號編碼!A15) -> O-9850GSNB | C12: 黑色 | D12: =IFERROR(VLOOKUP($B12,烤漆色號編碼!$A:$E,3,FALSE),"-") -> 黑砂閃銀 | E12: =IFERROR(VLOOKUP($B12,烤漆色號編碼!$A:$E,2,FALSE),"-") -> BKSA | F12: =IFERROR(VLOOKUP($B12,烤漆色號編碼!$A:$E,5,FALSE),"-") -> 國麗
B13: =IF(烤漆色號編碼!A16="","-",烤漆色號編碼!A16) -> K-9287S | C13: 黑色 | D13: =IFERROR(VLOOKUP($B13,烤漆色號編碼!$A:$E,3,FALSE),"-") -> 黑閃銀 | E13: =IFERROR(VLOOKUP($B13,烤漆色號編碼!$A:$E,2,FALSE),"-") -> BKSA1 | F13: =IFERROR(VLOOKUP($B13,烤漆色號編碼!$A:$E,5,FALSE),"-") -> 國麗
B14: =IF(烤漆色號編碼!A17="","-",烤漆色號編碼!A17) -> EL-0365T | C14: 灰色 | D14: =IFERROR(VLOOKUP($B14,烤漆色號編碼!$A:$E,3,FALSE),"-") -> 鐵灰砂 | E14: =IFERROR(VLOOKUP($B14,烤漆色號編碼!$A:$E,2,FALSE),"-") -> IGS | F14: =IFERROR(VLOOKUP($B14,烤漆色號編碼!$A:$E,5,FALSE),"-") -> 長誠
B15: =IF(烤漆色號編碼!A18="","-",烤漆色號編碼!A18) -> O-22170G | C15: 灰色 | D15: =IFERROR(VLOOKUP($B15,烤漆色號編碼!$A:$E,3,FALSE),"-") -> 深灰砂 | E15: =IFERROR(VLOOKUP($B15,烤漆色號編碼!$A:$E,2,FALSE),"-") -> DGS | F15: =IFERROR(VLOOKUP($B15,烤漆色號編碼!$A:$E,5,FALSE),"-") -> 國麗
B16: =IF(烤漆色號編碼!A21="","-",烤漆色號編碼!A21) -> K-4654 | C16: 紫色 | D16: =IFERROR(VLOOKUP($B16,烤漆色號編碼!$A:$E,3,FALSE),"-") -> 紫色 | E16: =IFERROR(VLOOKUP($B16,烤漆色號編碼!$A:$E,2,FALSE),"-") -> PEL | F16: =IFERROR(VLOOKUP($B16,烤漆色號編碼!$A:$E,5,FALSE),"-") -> 國麗
B17: =IF(烤漆色號編碼!A22="","-",烤漆色號編碼!A22) -> 780-9B65 | C17: 銀色 | D17: =IFERROR(VLOOKUP($B17,烤漆色號編碼!$A:$E,3,FALSE),"-") -> 銀灰 | E17: =IFERROR(VLOOKUP($B17,烤漆色號編碼!$A:$E,2,FALSE),"-") -> ATG | F17: =IFERROR(VLOOKUP($B17,烤漆色號編碼!$A:$E,5,FALSE),"-") -> 國邦
B18: =IF(烤漆色號編碼!A24="","-",烤漆色號編碼!A24) -> 780-6902 | C18: 綠色 | D18: =IFERROR(VLOOKUP($B18,烤漆色號編碼!$A:$E,3,FALSE),"-") -> 綠色 | E18: =IFERROR(VLOOKUP($B18,烤漆色號編碼!$A:$E,2,FALSE),"-") -> GN | F18: =IFERROR(VLOOKUP($B18,烤漆色號編碼!$A:$E,5,FALSE),"-") -> 國邦
B19: =IF(烤漆色號編碼!A25="","-",烤漆色號編碼!A25) -> A-10067 | C19: 橘色 | D19: =IFERROR(VLOOKUP($B19,烤漆色號編碼!$A:$E,3,FALSE),"-") -> 橘色 | E19: =IFERROR(VLOOKUP($B19,烤漆色號編碼!$A:$E,2,FALSE),"-") -> OE | F19: =IFERROR(VLOOKUP($B19,烤漆色號編碼!$A:$E,5,FALSE),"-") -> 台粉
B20: =IF(烤漆色號編碼!A26="","-",烤漆色號編碼!A26) -> 4605-702A | C20: 灰色 | D20: =IFERROR(VLOOKUP($B20,烤漆色號編碼!$A:$E,3,FALSE),"-") -> 鐵灰 | E20: =IFERROR(VLOOKUP($B20,烤漆色號編碼!$A:$E,2,FALSE),"-") -> IG | F20: =IFERROR(VLOOKUP($B20,烤漆色號編碼!$A:$E,5,FALSE),"-") -> 台粉
B21: =IF(烤漆色號編碼!A27="","-",烤漆色號編碼!A27) -> 4900-246 | C21: 黃色 | D21: =IFERROR(VLOOKUP($B21,烤漆色號編碼!$A:$E,3,FALSE),"-") -> 鵝黃色 | E21: =IFERROR(VLOOKUP($B21,烤漆色號編碼!$A:$E,2,FALSE),"-") -> GYW | F21: =IFERROR(VLOOKUP($B21,烤漆色號編碼!$A:$E,5,FALSE),"-") -> 台粉
B22: =IF(烤漆色號編碼!A28="","-",烤漆色號編碼!A28) -> 4900-149 | C22: 粉紅色 | D22: =IFERROR(VLOOKUP($B22,烤漆色號編碼!$A:$E,3,FALSE),"-") -> 粉紅色 | E22: =IFERROR(VLOOKUP($B22,烤漆色號編碼!$A:$E,2,FALSE),"-") -> PK | F22: =IFERROR(VLOOKUP($B22,烤漆色號編碼!$A:$E,5,FALSE),"-") -> 台粉
B23: =IF(烤漆色號編碼!A29="","-",烤漆色號編碼!A29) -> K-5510SCB | C23: 黃金色 | D23: =IFERROR(VLOOKUP($B23,烤漆色號編碼!$A:$E,3,FALSE),"-") -> 黃金閃銀 | E23: =IFERROR(VLOOKUP($B23,烤漆色號編碼!$A:$E,2,FALSE),"-") -> GSAT | F23: =IFERROR(VLOOKUP($B23,烤漆色號編碼!$A:$E,5,FALSE),"-") -> 國麗
B24: =IF(烤漆色號編碼!A32="","-",烤漆色號編碼!A32) -> BP-133S | C24: 銀色 | D24: =IFERROR(VLOOKUP($B24,烤漆色號編碼!$A:$E,3,FALSE),"-") -> 閃銀 | E24: =IFERROR(VLOOKUP($B24,烤漆色號編碼!$A:$E,2,FALSE),"-") -> SAT2 | F24: =IFERROR(VLOOKUP($B24,烤漆色號編碼!$A:$E,5,FALSE),"-") -> 國邦
B25: =IF(烤漆色號編碼!A34="","-",烤漆色號編碼!A34) -> 008/2H056 | C25: 黃色 | D25: =IFERROR(VLOOKUP($B25,烤漆色號編碼!$A:$E,3,FALSE),"-") -> 黃亮光 | E25: =IFERROR(VLOOKUP($B25,烤漆色號編碼!$A:$E,2,FALSE),"-") -> YW1 | F25: =IFERROR(VLOOKUP($B25,烤漆色號編碼!$A:$E,5,FALSE),"-") -> 老虎
B26: =IF(烤漆色號編碼!A37="","-",烤漆色號編碼!A37) -> K-7618 | C26: 綠色 | D26: =IFERROR(VLOOKUP($B26,烤漆色號編碼!$A:$E,3,FALSE),"-") -> 青綠色 | E26: =IFERROR(VLOOKUP($B26,烤漆色號編碼!$A:$E,2,FALSE),"-") -> FGN | F26: =IFERROR(VLOOKUP($B26,烤漆色號編碼!$A:$E,5,FALSE),"-") -> 國麗
B27: =IF(烤漆色號編碼!A38="","-",烤漆色號編碼!A38) -> 008/35624 | C27: 橘色 | D27: =IFERROR(VLOOKUP($B27,烤漆色號編碼!$A:$E,3,FALSE),"-") -> 橘色 | E27: =IFERROR(VLOOKUP($B27,烤漆色號編碼!$A:$E,2,FALSE),"-") -> OE2 | F27: =IFERROR(VLOOKUP($B27,烤漆色號編碼!$A:$E,5,FALSE),"-") -> 老虎
B28: =IF(烤漆色號編碼!A39="","-",烤漆色號編碼!A39) -> 780-7847AT | C28: 藍色 | D28: =IFERROR(VLOOKUP($B28,烤漆色號編碼!$A:$E,3,FALSE),"-") -> 深藍 | E28: =IFERROR(VLOOKUP($B28,烤漆色號編碼!$A:$E,2,FALSE),"-") -> DBE | F28: =IFERROR(VLOOKUP($B28,烤漆色號編碼!$A:$E,5,FALSE),"-") -> 國邦

Sheet 庫存統計
B2: 序号 | C2: 粉號 | D2: 代號 | E2: 入庫統計 | F2: 單位 | G2: 出庫統計 | H2: 單位 | I2: 剩餘庫存 | J2: 單位 | K2: 剩餘散粉 | L2: 單位
B3: 1 | C3: =IF(烤漆色號編碼!A2="","",烤漆色號編碼!A2) -> DP-11485 | D3: =IF(C3="","",INDEX(烤漆色號編碼!$A:$G,MATCH(C3,烤漆色號編碼!$A:$A,),2)) -> WE | E3: =IF(C3="","",SUMIF(採購入庫!D:D,$C3,採購入庫!$G:$G)) -> 0 | F3: 箱 | G3: =IF(D3="","",SUMIF(每日用粉紀錄表!C:C,$C3,每日用粉紀錄表!F:F)) -> 0 | H3: 箱 | I3: =IF(F3="","",SUMIF(當前庫存!C:C,$C3,當前庫存!G:G)) -> 1 | J3: 箱 | K3: =IF(H3="","",SUMIF(當前庫存!C:C,$C3,當前庫存!F:F)) -> 38 | L3: KG
B4: 2 | C4: =IF(烤漆色號編碼!A3="","",烤漆色號編碼!A3) -> DP-1856 | D4: =IF(C4="","",INDEX(烤漆色號編碼!$A:$G,MATCH(C4,烤漆色號編碼!$A:$A,),2)) -> WE1 | E4: =IF(C4="","",SUMIF(採購入庫!D:D,$C4,採購入庫!$G:$G)) -> 0 | F4: 箱 | G4: =IF(D4="","",SUMIF(每日用粉紀錄表!C:C,$C4,每日用粉紀錄表!F:F)) -> 0 | H4: 箱 | I4: =IF(F4="","",SUMIF(當前庫存!C:C,$C4,當前庫存!G:G)) -> 1 | J4: 箱 | K4: =IF(H4="","",SUMIF(當前庫存!C:C,$C4,當前庫存!F:F)) -> 12 | L4: KG
B5: 3 | C5: =IF(烤漆色號編碼!A4="","",烤漆色號編碼!A4) -> O-5905 | D5: =IF(C5="","",INDEX(烤漆色號編碼!$A:$G,MATCH(C5,烤漆色號編碼!$A:$A,),2)) -> 換粉 | E5: =IF(C5="","",SUMIF(採購入庫!D:D,$C5,採購入庫!$G:$G)) -> 0 | F5: 箱 | G5: =IF(D5="","",SUMIF(每日用粉紀錄表!C:C,$C5,每日用粉紀錄表!F:F)) -> 0 | H5: 箱 | I5: =IF(F5="","",SUMIF(當前庫存!C:C,$C5,當前庫存!G:G)) -> 0 | J5: 箱 | K5: =IF(H5="","",SUMIF(當前庫存!C:C,$C5,當前庫存!F:F)) -> 0 | L5: KG
B6: 4 | C6: =IF(烤漆色號編碼!A5="","",烤漆色號編碼!A5) -> New O-5905 | D6: =IF(C6="","",INDEX(烤漆色號編碼!$A:$G,MATCH(C6,烤漆色號編碼!$A:$A,),2)) -> 換粉 | E6: =IF(C6="","",SUMIF(採購入庫!D:D,$C6,採購入庫!$G:$G)) -> 0 | F6: 箱 | G6: =IF(D6="","",SUMIF(每日用粉紀錄表!C:C,$C6,每日用粉紀錄表!F:F)) -> 0 | H6: 箱 | I6: =IF(F6="","",SUMIF(當前庫存!C:C,$C6,當前庫存!G:G)) -> 2 | J6: 箱 | K6: =IF(H6="","",SUMIF(當前庫存!C:C,$C6,當前庫存!F:F)) -> 7 | L6: KG
B7: 5 | C7: =IF(烤漆色號編碼!A6="","",烤漆色號編碼!A6) -> 790-41540H | D7: =IF(C7="","",INDEX(烤漆色號編碼!$A:$G,MATCH(C7,烤漆色號編碼!$A:$A,),2)) -> YWH | E7: =IF(C7="","",SUMIF(採購入庫!D:D,$C7,採購入庫!$G:$G)) -> 0 | F7: 箱 | G7: =IF(D7="","",SUMIF(每日用粉紀錄表!C:C,$C7,每日用粉紀錄表!F:F)) -> 0 | H7: 箱 | I7: =IF(F7="","",SUMIF(當前庫存!C:C,$C7,當前庫存!G:G)) -> 0 | J7: 箱 | K7: =IF(H7="","",SUMIF(當前庫存!C:C,$C7,當前庫存!F:F)) -> 27 | L7: KG
B8: 6 | C8: =IF(烤漆色號編碼!A7="","",烤漆色號編碼!A7) -> 780-310AT | D8: =IF(C8="","",INDEX(烤漆色號編碼!$A:$G,MATCH(C8,烤漆色號編碼!$A:$A,),2)) -> RD | E8: =IF(C8="","",SUMIF(採購入庫!D:D,$C8,採購入庫!$G:$G)) -> 0 | F8: 箱 | G8: =IF(D8="","",SUMIF(每日用粉紀錄表!C:C,$C8,每日用粉紀錄表!F:F)) -> 0 | H8: 箱 | I8: =IF(F8="","",SUMIF(當前庫存!C:C,$C8,當前庫存!G:G)) -> 3 | J8: 箱 | K8: =IF(H8="","",SUMIF(當前庫存!C:C,$C8,當前庫存!F:F)) -> 12 | L8: KG
B9: 7 | C9: =IF(烤漆色號編碼!A8="","",烤漆色號編碼!A8) -> LT-90442 | D9: =IF(C9="","",INDEX(烤漆色號編碼!$A:$G,MATCH(C9,烤漆色號編碼!$A:$A,),2)) -> BE | E9: =IF(C9="","",SUMIF(採購入庫!D:D,$C9,採購入庫!$G:$G)) -> 0 | F9: 箱 | G9: =IF(D9="","",SUMIF(每日用粉紀錄表!C:C,$C9,每日用粉紀錄表!F:F)) -> 0 | H9: 箱 | I9: =IF(F9="","",SUMIF(當前庫存!C:C,$C9,當前庫存!G:G)) -> 2 | J9: 箱 | K9: =IF(H9="","",SUMIF(當前庫存!C:C,$C9,當前庫存!F:F)) -> 3 | L9: KG
B10: 8 | C10: =IF(烤漆色號編碼!A9="","",烤漆色號編碼!A9) -> 770-739 | D10: =IF(C10="","",INDEX(烤漆色號編碼!$A:$G,MATCH(C10,烤漆色號編碼!$A:$A,),2)) -> BEG | E10: =IF(C10="","",SUMIF(採購入庫!D:D,$C10,採購入庫!$G:$G)) -> 0 | F10: 箱 | G10: =IF(D10="","",SUMIF(每日用粉紀錄表!C:C,$C10,每日用粉紀錄表!F:F)) -> 0 | H10: 箱 | I10: =IF(F10="","",SUMIF(當前庫存!C:C,$C10,當前庫存!G:G)) -> 5 | J10: 箱 | K10: =IF(H10="","",SUMIF(當前庫存!C:C,$C10,當前庫存!F:F)) -> 5 | L10: KG
B11: 9 | C11: =IF(烤漆色號編碼!A10="","",烤漆色號編碼!A10) -> 4950-502 | D11: =IF(C11="","",INDEX(烤漆色號編碼!$A:$G,MATCH(C11,烤漆色號編碼!$A:$A,),2)) -> BK | E11: =IF(C11="","",SUMIF(採購入庫!D:D,$C11,採購入庫!$G:$G)) -> 0 | F11: 箱 | G11: =IF(D11="","",SUMIF(每日用粉紀錄表!C:C,$C11,每日用粉紀錄表!F:F)) -> 2 | H11: 箱 | I11: =IF(F11="","",SUMIF(當前庫存!C:C,$C11,當前庫存!G:G)) -> 4 | J11: 箱 | K11: =IF(H11="","",SUMIF(當前庫存!C:C,$C11,當前庫存!F:F)) -> 11 | L11: KG
B12: 10 | C12: =IF(烤漆色號編碼!A11="","",烤漆色號編碼!A11) -> EN-402T | D12: =IF(C12="","",INDEX(烤漆色號編碼!$A:$G,MATCH(C12,烤漆色號編碼!$A:$A,),2)) -> BKH | E12: =IF(C12="","",SUMIF(採購入庫!D:D,$C12,採購入庫!$G:$G)) -> 0 | F12: 箱 | G12: =IF(D12="","",SUMIF(每日用粉紀錄表!C:C,$C12,每日用粉紀錄表!F:F)) -> 0 | H12: 箱 | I12: =IF(F12="","",SUMIF(當前庫存!C:C,$C12,當前庫存!G:G)) -> 0 | J12: 箱 | K12: =IF(H12="","",SUMIF(當前庫存!C:C,$C12,當前庫存!F:F)) -> 36 | L12: KG
B13: 11 | C13: =IF(烤漆色號編碼!A12="","",烤漆色號編碼!A12) -> K-91097G | D13: =IF(C13="","",INDEX(烤漆色號編碼!$A:$G,MATCH(C13,烤漆色號編碼!$A:$A,),2)) -> BKS1 | E13: =IF(C13="","",SUMIF(採購入庫!D:D,$C13,採購入庫!$G:$G)) -> 0 | F13: 箱 | G13: =IF(D13="","",SUMIF(每日用粉紀錄表!C:C,$C13,每日用粉紀錄表!F:F)) -> 11 | H13: 箱 | I13: =IF(F13="","",SUMIF(當前庫存!C:C,$C13,當前庫存!G:G)) -> 17 | J13: 箱 | K13: =IF(H13="","",SUMIF(當前庫存!C:C,$C13,當前庫存!F:F)) -> 3 | L13: KG
B14: 12 | C14: =IF(烤漆色號編碼!A13="","",烤漆色號編碼!A13) -> 780-45510H | D14: =IF(C14="","",INDEX(烤漆色號編碼!$A:$G,MATCH(C14,烤漆色號編碼!$A:$A,),2)) -> 換粉 | E14: =IF(C14="","",SUMIF(採購入庫!D:D,$C14,採購入庫!$G:$G)) -> 0 | F14: 箱 | G14: =IF(D14="","",SUMIF(每日用粉紀錄表!C:C,$C14,每日用粉紀錄表!F:F)) -> 0 | H14: 箱 | I14: =IF(F14="","",SUMIF(當前庫存!C:C,$C14,當前庫存!G:G)) -> 0 | J14: 箱 | K14: =IF(H14="","",SUMIF(當前庫存!C:C,$C14,當前庫存!F:F)) -> 0 | L14: KG
... B40: 38 | C40: =IF(烤漆色號編碼!A39="","",烤漆色號編碼!A39) -> 780-7847AT | D40: =IF(C40="","",INDEX(烤漆色號編碼!$A:$G,MATCH(C40,烤漆色號編碼!$A:$A,),2)) -> DBE | E40: =IF(C40="","",SUMIF(採購入庫!D:D,$C40,採購入庫!$G:$G)) -> 0 | F40: 箱 | G40: =IF(D40="","",SUMIF(每日用粉紀錄表!C:C,$C40,每日用粉紀錄表!F:F)) -> 0 | H40: 箱 | I40: =IF(F40="","",SUMIF(當前庫存!C:C,$C40,當前庫存!G:G)) -> 0 | J40: 箱 | K40: =IF(H40="","",SUMIF(當前庫存!C:C,$C40,當前庫存!F:F)) -> 0 | L40: KG
B41: 38 | C41: 當月用粉 | E41: =SUM(E3:E39) -> 74 | F41: 箱 | G41: =SUM(G3:G39) -> 62 | H41: 箱 | I41: =SUM(I3:I39) -> 109 | J41: 箱 | K41: =SUM(K3:K39) -> 605 | L41: KG

Sheet 廢粉紀錄
B2: 粉號
B3: 廢粉
B4: 本月廢粉總數量 | D4: =SUMIF(每日用粉紀錄表!C:C, B3, 每日用粉紀錄表!J:J) -> 600

Sheet 粉號分類
B2: 白色
B3: 色號 | C3: 色系 | D3: 顏色 | E3: 代號 | F3: 廠商
B4: {=_xlfn._xlws.FILTER(使用中色粉!$B$2:$F$28,使用中色粉!$C$2:$C$28=B2,"")} -> DP-11485 | C4: 白色 | D4: 白亮光 | E4: WE | F4: 國麗
B5: DP-1856 | C5: 白色 | D5: 灰白 | E5: WE1 | F5: 國麗
B8: 黑色
B9: 色號 | C9: 色系 | D9: 顏色 | E9: 代號 | F9: 廠商
B10: {=_xlfn._xlws.FILTER(使用中色粉!$B$2:$F$28,使用中色粉!$C$2:$C$28=B8,"")} -> 4950-502 | C10: 黑色 | D10: 黑平光 | E10: BK | F10: 台粉
B11: EN-402T | C11: 黑色 | D11: 黑錘紋 | E11: BKH | F11: 長誠
B12: K-91097G | C12: 黑色 | D12: 新黑砂 | E12: BKS1 | F12: 國麗
B13: 4605-505 | C13: 黑色 | D13: 消光黑 | E13: EBK | F13: 台粉
B14: O-9850GSNB | C14: 黑色 | D14: 黑砂閃銀 | E14: BKSA | F14: 國麗
B15: K-9287S | C15: 黑色 | D15: 黑閃銀 | E15: BKSA1 | F15: 國麗
B17: 粉紅色
B18: 色號 | C18: 色系 | D18: 顏色 | E18: 代號 | F18: 廠商
B19: {=_xlfn._xlws.FILTER(使用中色粉!$B$2:$F$28,使用中色粉!$C$2:$C$28=B17,"")} -> 4900-149 | C19: 粉紅色 | D19: 粉紅色 | E19: PK | F19: 台粉
B21: 紅色
B22: 色號 | C22: 色系 | D22: 顏色 | E22: 代號 | F22: 廠商
B23: {=_xlfn._xlws.FILTER(使用中色粉!$B$2:$F$28,使用中色粉!$C$2:$C$28=B21,"")} -> 780-310AT | C23: 紅色 | D23: 法拉利紅 | E23: RD | F23: 國邦
B25: 橘色
B26: 色號 | C26: 色系 | D26: 顏色 | E26: 代號 | F26: 廠商
B27: {=_xlfn._xlws.FILTER(使用中色粉!$B$2:$F$28,使用中色粉!$C$2:$C$28=B25,"")} -> A-10067 | C27: 橘色 | D27: 橘色 | E27: OE | F27: 台粉
B28: 008/35624 | C28: 橘色 | D28: 橘色 | E28: OE2 | F28: 老虎
B30: 黃色
B31: 色號 | C31: 色系 | D31: 顏色 | E31: 代號 | F31: 廠商
B32: {=_xlfn._xlws.FILTER(使用中色粉!$B$2:$F$28,使用中色粉!$C$2:$C$28=B30,"")} -> 790-41540H | C32: 黃色 | D32: 黃錘紋 | E32: YWH | F32: 國邦
B33: 4900-246 | C33: 黃色 | D33: 鵝黃色 | E33: GYW | F33: 台粉
B34: 008/2H056 | C34: 黃色 | D34: 黃亮光 | E34: YW1 | F34: 老虎
B37: 綠色
B38: 色號 | C38: 色系 | D38: 顏色 | E38: 代號 | F38: 廠商
B39: {=_xlfn._xlws.FILTER(使用中色粉!$B$2:$F$28,使用中色粉!$C$2:$C$28=B37,"")} -> 780-6902 | C39: 綠色 | D39: 綠色 | E39: GN | F39: 國邦
B40: K-7618 | C40: 綠色 | D40: 青綠色 | E40: FGN | F40: 國麗
B42: 藍色
B43: 色號 | C43: 色系 | D43: 顏色 | E43: 代號 | F43: 廠商
B44: {=_xlfn._xlws.FILTER(使用中色粉!$B$2:$F$28,使用中色粉!$C$2:$C$28=B42,"")} -> LT-90442 | C44: 藍色 | D44: 藍色 | E44: BE | F44: 台粉
B45: 770-739 | C45: 藍色 | D45: 豔藍-孔雀藍 | E45: BEG | F45: 國邦
B46: 780-7847AT | C46: 藍色 | D46: 深藍 | E46: DBE | F46: 國邦
B48: 紫色
B49: 色號 | C49: 色系 | D49: 顏色 | E49: 代號 | F49: 廠商
B50: {=_xlfn._xlws.FILTER(使用中色粉!$B$2:$F$28,使用中色粉!$C$2:$C$28=B48,"")} -> K-4654 | C50: 紫色 | D50: 紫色 | E50: PEL | F50: 國麗
B52: 灰色
B53: 色號 | C53: 色系 | D53: 顏色 | E53: 代號 | F53: 廠商
B54: {=_xlfn._xlws.FILTER(使用中色粉!$B$2:$F$28,使用中色粉!$C$2:$C$28=B52,"")} -> EL-0365T | C54: 灰色 | D54: 鐵灰砂 | E54: IGS | F54: 長誠
B55: O-22170G | C55: 灰色 | D55: 深灰砂 | E55: DGS | F55: 國麗
B56: 4605-702A | C56: 灰色 | D56: 鐵灰 | E56: IG | F56: 台粉
B60: 銀色
B61: 色號 | C61: 色系 | D61: 顏色 | E61: 代號 | F61: 廠商
B62: {=_xlfn._xlws.FILTER(使用中色粉!$B$2:$F$28,使用中色粉!$C$2:$C$28=B60,"")} -> 780-9B65 | C62: 銀色 | D62: 銀灰 | E62: ATG | F62: 國邦
B63: BP-133S | C63: 銀色 | D63: 閃銀 | E63: SAT2 | F63: 國邦
B66: 黃金色
B67: 色號 | C67: 色系 | D67: 顏色 | E67: 代號 | F67: 廠商
B68: {=_xlfn._xlws.FILTER(使用中色粉!$B$2:$F$28,使用中色粉!$C$2:$C$28=B66,"")} -> K-5510SCB | C68: 黃金色 | D68: 黃金閃銀 | E68: GSAT | F68: 國麗
